FileName,Label,f0,f1,f2,f3,f4,f5,f6,f7,f8,f9,f10,f11,f12,f13,f14,f15,f16,f17,f18,f19,f20,f21,f22,f23,f24,f25,f26,f27,f28,f29,f30,f31,f32,f33,f34,f35,f36,f37,f38,f39,f40,f41,f42,f43,f44,f45,f46,f47,f48,f49,f50,f51,f52,f53,f54,f55,f56,f57,f58,f59,f60,f61,f62,f63,f64,f65,f66,f67,f68,f69,f70,f71,f72,f73,f74,f75,f76,f77,f78,f79,f80,f81,f82,f83,f84,f85,f86,f87,f88,f89,f90,f91,f92,f93,f94,f95,f96,f97,f98,f99,f100,f101,f102,f103,f104,f105,f106,f107,f108,f109,f110,f111,f112,f113,f114,f115,f116,f117,f118,f119,f120,f121,f122,f123,f124,f125,f126,f127,f128,f129,f130,f131,f132,f133,f134,f135,f136,f137,f138,f139,f140,f141,f142,f143,f144,f145,f146,f147,f148,f149,f150,f151,f152,f153,f154,f155,f156,f157,f158,f159,f160,f161,f162,f163,f164,f165,f166,f167,f168,f169,f170,f171,f172,f173,f174,f175,f176,f177,f178,f179,f180,f181,f182,f183,f184,f185,f186,f187,f188,f189,f190,f191,f192,f193,f194,f195,f196,f197,f198,f199,f200,f201,f202,f203,f204,f205,f206,f207,f208,f209,f210,f211,f212,f213,f214,f215,f216,f217,f218,f219,f220,f221,f222,f223,f224,f225,f226,f227,f228,f229,f230,f231,f232,f233,f234,f235,f236,f237,f238,f239,f240,f241,f242,f243,f244,f245,f246,f247,f248,f249,f250,f251,f252,f253,f254,f255,f256,f257,f258,f259,f260,f261,f262,f263,f264,f265,f266,f267,f268,f269,f270,f271,f272,f273,f274,f275,f276,f277,f278,f279,f280,f281,f282,f283,f284,f285,f286,f287,f288,f289,f290,f291,f292,f293,f294,f295,f296,f297,f298,f299,f300,f301,f302,f303,f304,f305,f306,f307,f308,f309,f310,f311,f312,f313,f314,f315,f316,f317,f318,f319,f320,f321,f322,f323,f324,f325,f326,f327,f328,f329,f330,f331,f332,f333,f334,f335,f336,f337,f338,f339,f340,f341,f342,f343,f344,f345,f346,f347,f348,f349,f350,f351,f352,f353,f354,f355,f356,f357,f358,f359,f360,f361,f362,f363,f364,f365,f366,f367,f368,f369,f370,f371,f372,f373,f374,f375,f376,f377,f378,f379,f380,f381,f382,f383,f384,f385,f386,f387,f388,f389,f390,f391,f392,f393,f394,f395,f396,f397,f398,f399,f400,f401,f402,f403,f404,f405,f406,f407,f408,f409,f410,f411,f412,f413,f414,f415,f416,f417,f418,f419,f420,f421,f422,f423,f424,f425,f426,f427,f428,f429,f430,f431,f432,f433,f434,f435,f436,f437,f438,f439,f440,f441,f442,f443,f444,f445,f446,f447,f448,f449,f450,f451,f452,f453,f454,f455,f456,f457,f458,f459,f460,f461,f462,f463,f464,f465,f466,f467,f468,f469,f470,f471,f472,f473,f474,f475,f476,f477,f478,f479,f480,f481,f482,f483,f484,f485,f486,f487,f488,f489,f490,f491,f492,f493,f494,f495,f496,f497,f498,f499,f500,f501,f502,f503,f504,f505,f506,f507,f508,f509,f510,f511,f512,f513,f514,f515,f516,f517,f518,f519,f520,f521,f522,f523,f524,f525,f526,f527,f528,f529,f530,f531,f532,f533,f534,f535,f536,f537,f538,f539,f540,f541,f542,f543,f544,f545,f546,f547,f548,f549,f550,f551,f552,f553,f554,f555,f556,f557,f558,f559,f560,f561,f562,f563,f564,f565,f566,f567,f568,f569,f570,f571,f572,f573,f574,f575,f576,f577,f578,f579,f580,f581,f582,f583,f584,f585,f586,f587,f588,f589,f590,f591,f592,f593,f594,f595,f596,f597,f598,f599,f600,f601,f602,f603,f604,f605,f606,f607,f608,f609,f610,f611,f612,f613,f614,f615,f616,f617,f618,f619,f620,f621,f622,f623,f624,f625,f626,f627,f628,f629,f630,f631,f632,f633,f634,f635,f636,f637,f638,f639,f640,f641,f642,f643,f644,f645,f646,f647,f648,f649,f650,f651,f652,f653,f654,f655,f656,f657,f658,f659,f660,f661,f662,f663,f664,f665,f666,f667,f668,f669,f670,f671,f672,f673,f674,f675,f676,f677,f678,f679,f680,f681,f682,f683,f684,f685,f686,f687,f688,f689,f690,f691,f692,f693,f694,f695,f696,f697,f698,f699,f700,f701,f702,f703,f704,f705,f706,f707,f708,f709,f710,f711,f712,f713,f714,f715,f716,f717,f718,f719,f720,f721,f722,f723,f724,f725,f726,f727,f728,f729,f730,f731,f732,f733,f734,f735,f736,f737,f738,f739,f740,f741,f742,f743,f744,f745,f746,f747,f748,f749,f750,f751,f752,f753,f754,f755,f756,f757,f758,f759,f760,f761,f762,f763,f764,f765,f766,f767,f768,f769,f770,f771,f772,f773,f774,f775,f776,f777,f778,f779,f780,f781,f782,f783
file1,7,0,0,0,0,0,0,0,0,0,0,0,0,0,0,0,0,0,0,0,0,0,0,0,0,0,0,0,0,0,0,0,0,0,0,0,0,0,0,0,0,0,0,0,0,0,0,0,0,0,0,0,0,0,0,0,0,0,0,0,0,0,0,0,0,0,0,0,0,0,0,0,0,0,0,0,0,0,0,0,0,0,0,0,0,0,0,0,0,0,0,0,0,0,0,0,0,0,0,0,0,0,0,0,0,0,0,0,0,0,0,0,0,0,0,0,0,0,0,0,0,0,0,0,0,0,0,0,0,0,0,0,0,0,0,0,0,0,0,0,0,0,0,0,0,0,0,0,0,0,0,0,0,0,0,0,0,0,0,0,0,0,0,0,0,0,0,0,0,0,0,0,0,0,0,0,0,0,0,0,0,0,0,0,0,0,0,0,0,0,0,0,0,0,0,0,0,0,0,0,0,0,0,84,185,159,151,60,36,0,0,0,0,0,0,0,0,0,0,0,0,0,0,0,0,0,0,0,0,0,0,222,254,254,254,254,241,198,198,198,198,198,198,198,198,170,52,0,0,0,0,0,0,0,0,0,0,0,0,67,114,72,114,163,227,254,225,254,254,254,250,229,254,254,140,0,0,0,0,0,0,0,0,0,0,0,0,0,0,0,0,0,17,66,14,67,67,67,59,21,236,254,106,0,0,0,0,0,0,0,0,0,0,0,0,0,0,0,0,0,0,0,0,0,0,0,0,83,253,209,18,0,0,0,0,0,0,0,0,0,0,0,0,0,0,0,0,0,0,0,0,0,0,0,22,233,255,83,0,0,0,0,0,0,0,0,0,0,0,0,0,0,0,0,0,0,0,0,0,0,0,0,129,254,238,44,0,0,0,0,0,0,0,0,0,0,0,0,0,0,0,0,0,0,0,0,0,0,0,59,249,254,62,0,0,0,0,0,0,0,0,0,0,0,0,0,0,0,0,0,0,0,0,0,0,0,0,133,254,187,5,0,0,0,0,0,0,0,0,0,0,0,0,0,0,0,0,0,0,0,0,0,0,0,9,205,248,58,0,0,0,0,0,0,0,0,0,0,0,0,0,0,0,0,0,0,0,0,0,0,0,0,126,254,182,0,0,0,0,0,0,0,0,0,0,0,0,0,0,0,0,0,0,0,0,0,0,0,0,75,251,240,57,0,0,0,0,0,0,0,0,0,0,0,0,0,0,0,0,0,0,0,0,0,0,0,19,221,254,166,0,0,0,0,0,0,0,0,0,0,0,0,0,0,0,0,0,0,0,0,0,0,0,3,203,254,219,35,0,0,0,0,0,0,0,0,0,0,0,0,0,0,0,0,0,0,0,0,0,0,0,38,254,254,77,0,0,0,0,0,0,0,0,0,0,0,0,0,0,0,0,0,0,0,0,0,0,0,31,224,254,115,1,0,0,0,0,0,0,0,0,0,0,0,0,0,0,0,0,0,0,0,0,0,0,0,133,254,254,52,0,0,0,0,0,0,0,0,0,0,0,0,0,0,0,0,0,0,0,0,0,0,0,61,242,254,254,52,0,0,0,0,0,0,0,0,0,0,0,0,0,0,0,0,0,0,0,0,0,0,0,121,254,254,219,40,0,0,0,0,0,0,0,0,0,0,0,0,0,0,0,0,0,0,0,0,0,0,0,121,254,207,18,0,0,0,0,0,0,0,0,0,0,0,0,0,0,0,0,0,0,0,0,0,0,0,0,0,0,0,0,0,0,0,0,0,0,0,0,0,0,0,0,0,0
file2,2,0,0,0,0,0,0,0,0,0,0,0,0,0,0,0,0,0,0,0,0,0,0,0,0,0,0,0,0,0,0,0,0,0,0,0,0,0,0,0,0,0,0,0,0,0,0,0,0,0,0,0,0,0,0,0,0,0,0,0,0,0,0,0,0,0,0,0,0,0,0,0,0,0,0,0,0,0,0,0,0,0,0,0,0,0,0,0,0,0,0,0,0,0,0,116,125,171,255,255,150,93,0,0,0,0,0,0,0,0,0,0,0,0,0,0,0,0,0,0,0,0,169,253,253,253,253,253,253,218,30,0,0,0,0,0,0,0,0,0,0,0,0,0,0,0,0,0,0,169,253,253,253,213,142,176,253,253,122,0,0,0,0,0,0,0,0,0,0,0,0,0,0,0,0,0,52,250,253,210,32,12,0,6,206,253,140,0,0,0,0,0,0,0,0,0,0,0,0,0,0,0,0,0,77,251,210,25,0,0,0,122,248,253,65,0,0,0,0,0,0,0,0,0,0,0,0,0,0,0,0,0,0,31,18,0,0,0,0,209,253,253,65,0,0,0,0,0,0,0,0,0,0,0,0,0,0,0,0,0,0,0,0,0,0,0,117,247,253,198,10,0,0,0,0,0,0,0,0,0,0,0,0,0,0,0,0,0,0,0,0,0,0,76,247,253,231,63,0,0,0,0,0,0,0,0,0,0,0,0,0,0,0,0,0,0,0,0,0,0,0,128,253,253,144,0,0,0,0,0,0,0,0,0,0,0,0,0,0,0,0,0,0,0,0,0,0,0,176,246,253,159,12,0,0,0,0,0,0,0,0,0,0,0,0,0,0,0,0,0,0,0,0,0,0,25,234,253,233,35,0,0,0,0,0,0,0,0,0,0,0,0,0,0,0,0,0,0,0,0,0,0,0,198,253,253,141,0,0,0,0,0,0,0,0,0,0,0,0,0,0,0,0,0,0,0,0,0,0,0,78,248,253,189,12,0,0,0,0,0,0,0,0,0,0,0,0,0,0,0,0,0,0,0,0,0,0,19,200,253,253,141,0,0,0,0,0,0,0,0,0,0,0,0,0,0,0,0,0,0,0,0,0,0,0,134,253,253,173,12,0,0,0,0,0,0,0,0,0,0,0,0,0,0,0,0,0,0,0,0,0,0,0,248,253,253,25,0,0,0,0,0,0,0,0,0,0,0,0,0,0,0,0,0,0,0,0,0,0,0,0,248,253,253,43,20,20,20,20,5,0,5,20,20,37,150,150,150,147,10,0,0,0,0,0,0,0,0,0,248,253,253,253,253,253,253,253,168,143,166,253,253,253,253,253,253,253,123,0,0,0,0,0,0,0,0,0,174,253,253,253,253,253,253,253,253,253,253,253,249,247,247,169,117,117,57,0,0,0,0,0,0,0,0,0,0,118,123,123,123,166,253,253,253,155,123,123,41,0,0,0,0,0,0,0,0,0,0,0,0,0,0,0,0,0,0,0,0,0,0,0,0,0,0,0,0,0,0,0,0,0,0,0,0,0,0,0,0,0,0,0,0,0,0,0,0,0,0,0,0,0,0,0,0,0,0,0,0,0,0,0,0,0,0,0,0,0,0,0,0,0,0,0,0,0,0,0,0,0,0,0,0,0,0,0,0,0,0,0,0,0,0,0,0,0,0,0,0,0,0,0,0,0,0,0,0,0,0,0,0,0,0,0,0,0,0,0,0,0,0,0,0,0,0,0,0,0,0,0,0,0,0,0,0,0,0,0,0,0,0,0,0,0,0,0
file3,1,0,0,0,0,0,0,0,0,0,0,0,0,0,0,0,0,0,0,0,0,0,0,0,0,0,0,0,0,0,0,0,0,0,0,0,0,0,0,0,0,0,0,0,0,0,0,0,0,0,0,0,0,0,0,0,0,0,0,0,0,0,0,0,0,0,0,0,0,0,0,0,0,0,0,0,0,0,0,0,0,0,0,0,0,0,0,0,0,0,0,0,0,0,0,0,0,0,0,0,0,0,0,0,0,0,0,0,0,0,0,0,0,0,0,0,0,0,0,0,0,0,0,0,0,0,0,0,0,38,254,109,0,0,0,0,0,0,0,0,0,0,0,0,0,0,0,0,0,0,0,0,0,0,0,0,0,87,252,82,0,0,0,0,0,0,0,0,0,0,0,0,0,0,0,0,0,0,0,0,0,0,0,0,0,135,241,0,0,0,0,0,0,0,0,0,0,0,0,0,0,0,0,0,0,0,0,0,0,0,0,0,45,244,150,0,0,0,0,0,0,0,0,0,0,0,0,0,0,0,0,0,0,0,0,0,0,0,0,0,84,254,63,0,0,0,0,0,0,0,0,0,0,0,0,0,0,0,0,0,0,0,0,0,0,0,0,0,202,223,11,0,0,0,0,0,0,0,0,0,0,0,0,0,0,0,0,0,0,0,0,0,0,0,0,32,254,216,0,0,0,0,0,0,0,0,0,0,0,0,0,0,0,0,0,0,0,0,0,0,0,0,0,95,254,195,0,0,0,0,0,0,0,0,0,0,0,0,0,0,0,0,0,0,0,0,0,0,0,0,0,140,254,77,0,0,0,0,0,0,0,0,0,0,0,0,0,0,0,0,0,0,0,0,0,0,0,0,57,237,205,8,0,0,0,0,0,0,0,0,0,0,0,0,0,0,0,0,0,0,0,0,0,0,0,0,124,255,165,0,0,0,0,0,0,0,0,0,0,0,0,0,0,0,0,0,0,0,0,0,0,0,0,0,171,254,81,0,0,0,0,0,0,0,0,0,0,0,0,0,0,0,0,0,0,0,0,0,0,0,0,24,232,215,0,0,0,0,0,0,0,0,0,0,0,0,0,0,0,0,0,0,0,0,0,0,0,0,0,120,254,159,0,0,0,0,0,0,0,0,0,0,0,0,0,0,0,0,0,0,0,0,0,0,0,0,0,151,254,142,0,0,0,0,0,0,0,0,0,0,0,0,0,0,0,0,0,0,0,0,0,0,0,0,0,228,254,66,0,0,0,0,0,0,0,0,0,0,0,0,0,0,0,0,0,0,0,0,0,0,0,0,61,251,254,66,0,0,0,0,0,0,0,0,0,0,0,0,0,0,0,0,0,0,0,0,0,0,0,0,141,254,205,3,0,0,0,0,0,0,0,0,0,0,0,0,0,0,0,0,0,0,0,0,0,0,0,10,215,254,121,0,0,0,0,0,0,0,0,0,0,0,0,0,0,0,0,0,0,0,0,0,0,0,0,5,198,176,10,0,0,0,0,0,0,0,0,0,0,0,0,0,0,0,0,0,0,0,0,0,0,0,0,0,0,0,0,0,0,0,0,0,0,0,0,0,0,0,0,0,0,0,0,0,0,0,0,0,0,0,0,0,0,0,0,0,0,0,0,0,0,0,0,0,0,0,0,0,0,0,0,0,0,0,0,0,0,0,0,0,0,0,0,0,0,0,0,0,0,0,0,0,0,0,0,0,0,0,0,0,0,0,0,0,0,0,0,0,0,0,0,0,0,0,0,0,0,0,0,0,0,0,0,0,0
file4,0,0,0,0,0,0,0,0,0,0,0,0,0,0,0,0,0,0,0,0,0,0,0,0,0,0,0,0,0,0,0,0,0,0,0,0,0,0,0,0,0,0,0,0,0,0,0,0,0,0,0,0,0,0,0,0,0,0,0,0,0,0,0,0,0,0,0,0,0,0,0,0,0,0,0,0,0,0,0,0,0,0,0,0,0,0,0,0,0,0,0,0,0,0,0,0,0,0,0,0,0,0,0,0,0,0,0,0,0,0,0,0,0,0,0,0,0,0,0,0,0,0,0,0,0,11,150,253,202,31,0,0,0,0,0,0,0,0,0,0,0,0,0,0,0,0,0,0,0,0,0,0,0,37,251,251,253,107,0,0,0,0,0,0,0,0,0,0,0,0,0,0,0,0,0,0,0,0,0,0,21,197,251,251,253,107,0,0,0,0,0,0,0,0,0,0,0,0,0,0,0,0,0,0,0,0,0,110,190,251,251,251,253,169,109,62,0,0,0,0,0,0,0,0,0,0,0,0,0,0,0,0,0,0,0,253,251,251,251,251,253,251,251,220,51,0,0,0,0,0,0,0,0,0,0,0,0,0,0,0,0,0,182,255,253,253,253,253,234,222,253,253,253,0,0,0,0,0,0,0,0,0,0,0,0,0,0,0,0,63,221,253,251,251,251,147,77,62,128,251,251,105,0,0,0,0,0,0,0,0,0,0,0,0,0,0,32,231,251,253,251,220,137,10,0,0,31,230,251,243,113,5,0,0,0,0,0,0,0,0,0,0,0,0,37,251,251,253,188,20,0,0,0,0,0,109,251,253,251,35,0,0,0,0,0,0,0,0,0,0,0,0,37,251,251,201,30,0,0,0,0,0,0,31,200,253,251,35,0,0,0,0,0,0,0,0,0,0,0,0,37,253,253,0,0,0,0,0,0,0,0,32,202,255,253,164,0,0,0,0,0,0,0,0,0,0,0,0,140,251,251,0,0,0,0,0,0,0,0,109,251,253,251,35,0,0,0,0,0,0,0,0,0,0,0,0,217,251,251,0,0,0,0,0,0,21,63,231,251,253,230,30,0,0,0,0,0,0,0,0,0,0,0,0,217,251,251,0,0,0,0,0,0,144,251,251,251,221,61,0,0,0,0,0,0,0,0,0,0,0,0,0,217,251,251,0,0,0,0,0,182,221,251,251,251,180,0,0,0,0,0,0,0,0,0,0,0,0,0,0,218,253,253,73,73,228,253,253,255,253,253,253,253,0,0,0,0,0,0,0,0,0,0,0,0,0,0,0,113,251,251,253,251,251,251,251,253,251,251,251,147,0,0,0,0,0,0,0,0,0,0,0,0,0,0,0,31,230,251,253,251,251,251,251,253,230,189,35,10,0,0,0,0,0,0,0,0,0,0,0,0,0,0,0,0,62,142,253,251,251,251,251,253,107,0,0,0,0,0,0,0,0,0,0,0,0,0,0,0,0,0,0,0,0,0,72,174,251,173,71,72,30,0,0,0,0,0,0,0,0,0,0,0,0,0,0,0,0,0,0,0,0,0,0,0,0,0,0,0,0,0,0,0,0,0,0,0,0,0,0,0,0,0,0,0,0,0,0,0,0,0,0,0,0,0,0,0,0,0,0,0,0,0,0,0,0,0,0,0,0,0,0,0,0,0,0,0,0,0,0,0,0,0,0,0,0,0,0,0,0,0,0,0,0,0,0,0,0,0,0,0,0,0,0,0,0,0,0,0,0,0,0,0,0,0,0,0,0,0,0,0,0,0,0,0
file5,4,0,0,0,0,0,0,0,0,0,0,0,0,0,0,0,0,0,0,0,0,0,0,0,0,0,0,0,0,0,0,0,0,0,0,0,0,0,0,0,0,0,0,0,0,0,0,0,0,0,0,0,0,0,0,0,0,0,0,0,0,0,0,0,0,0,0,0,0,0,0,0,0,0,0,0,0,0,0,0,0,0,0,0,0,0,0,0,0,0,0,0,0,0,0,0,0,0,0,0,0,0,0,0,0,0,0,0,0,0,0,0,0,0,0,0,0,0,0,0,0,0,0,0,0,0,0,0,0,0,0,0,0,0,0,0,0,0,0,0,0,0,0,0,0,0,0,0,0,0,0,50,224,0,0,0,0,0,0,0,70,29,0,0,0,0,0,0,0,0,0,0,0,0,0,0,0,0,0,121,231,0,0,0,0,0,0,0,148,168,0,0,0,0,0,0,0,0,0,0,0,0,0,0,0,0,4,195,231,0,0,0,0,0,0,0,96,210,11,0,0,0,0,0,0,0,0,0,0,0,0,0,0,0,69,252,134,0,0,0,0,0,0,0,114,252,21,0,0,0,0,0,0,0,0,0,0,0,0,0,0,45,236,217,12,0,0,0,0,0,0,0,192,252,21,0,0,0,0,0,0,0,0,0,0,0,0,0,0,168,247,53,0,0,0,0,0,0,0,18,255,253,21,0,0,0,0,0,0,0,0,0,0,0,0,0,84,242,211,0,0,0,0,0,0,0,0,141,253,189,5,0,0,0,0,0,0,0,0,0,0,0,0,0,169,252,106,0,0,0,0,0,0,0,32,232,250,66,0,0,0,0,0,0,0,0,0,0,0,0,0,15,225,252,0,0,0,0,0,0,0,0,134,252,211,0,0,0,0,0,0,0,0,0,0,0,0,0,0,22,252,164,0,0,0,0,0,0,0,0,169,252,167,0,0,0,0,0,0,0,0,0,0,0,0,0,0,9,204,209,18,0,0,0,0,0,0,22,253,253,107,0,0,0,0,0,0,0,0,0,0,0,0,0,0,0,169,252,199,85,85,85,85,129,164,195,252,252,106,0,0,0,0,0,0,0,0,0,0,0,0,0,0,0,41,170,245,252,252,252,252,232,231,251,252,252,9,0,0,0,0,0,0,0,0,0,0,0,0,0,0,0,0,0,49,84,84,84,84,0,0,161,252,252,0,0,0,0,0,0,0,0,0,0,0,0,0,0,0,0,0,0,0,0,0,0,0,0,0,127,252,252,45,0,0,0,0,0,0,0,0,0,0,0,0,0,0,0,0,0,0,0,0,0,0,0,0,128,253,253,0,0,0,0,0,0,0,0,0,0,0,0,0,0,0,0,0,0,0,0,0,0,0,0,0,127,252,252,0,0,0,0,0,0,0,0,0,0,0,0,0,0,0,0,0,0,0,0,0,0,0,0,0,135,252,244,0,0,0,0,0,0,0,0,0,0,0,0,0,0,0,0,0,0,0,0,0,0,0,0,0,232,236,111,0,0,0,0,0,0,0,0,0,0,0,0,0,0,0,0,0,0,0,0,0,0,0,0,0,179,66,0,0,0,0,0,0,0,0,0,0,0,0,0,0,0,0,0,0,0,0,0,0,0,0,0,0,0,0,0,0,0,0,0,0,0,0,0,0,0,0,0,0,0,0,0,0,0,0,0,0,0,0,0,0,0,0,0,0,0,0,0,0,0,0,0,0,0,0,0,0,0,0,0,0,0,0,0,0,0,0,0,0,0,0,0,0,0,0,0,0,0,0,0,0
file6,1,0,0,0,0,0,0,0,0,0,0,0,0,0,0,0,0,0,0,0,0,0,0,0,0,0,0,0,0,0,0,0,0,0,0,0,0,0,0,0,0,0,0,0,0,0,0,0,0,0,0,0,0,0,0,0,0,0,0,0,0,0,0,0,0,0,0,0,0,0,0,0,0,0,0,0,0,0,0,0,0,0,0,0,0,0,0,0,0,0,0,0,0,0,0,0,0,0,0,0,0,0,0,0,0,0,0,0,0,0,0,0,0,0,0,0,0,0,0,0,0,0,0,0,0,0,0,0,0,0,0,0,0,0,0,0,0,0,0,0,0,0,0,0,0,0,0,0,0,0,0,0,0,0,0,0,0,77,254,107,3,0,0,0,0,0,0,0,0,0,0,0,0,0,0,0,0,0,0,0,0,0,0,0,19,227,254,254,9,0,0,0,0,0,0,0,0,0,0,0,0,0,0,0,0,0,0,0,0,0,0,0,81,254,254,165,1,0,0,0,0,0,0,0,0,0,0,0,0,0,0,0,0,0,0,0,0,0,0,7,203,254,254,73,0,0,0,0,0,0,0,0,0,0,0,0,0,0,0,0,0,0,0,0,0,0,0,53,254,254,250,0,0,0,0,0,0,0,0,0,0,0,0,0,0,0,0,0,0,0,0,0,0,0,0,134,254,254,180,0,0,0,0,0,0,0,0,0,0,0,0,0,0,0,0,0,0,0,0,0,0,0,0,196,254,248,48,0,0,0,0,0,0,0,0,0,0,0,0,0,0,0,0,0,0,0,0,0,0,0,58,254,254,237,0,0,0,0,0,0,0,0,0,0,0,0,0,0,0,0,0,0,0,0,0,0,0,0,111,254,254,132,0,0,0,0,0,0,0,0,0,0,0,0,0,0,0,0,0,0,0,0,0,0,0,0,163,254,238,28,0,0,0,0,0,0,0,0,0,0,0,0,0,0,0,0,0,0,0,0,0,0,0,60,252,254,223,0,0,0,0,0,0,0,0,0,0,0,0,0,0,0,0,0,0,0,0,0,0,0,0,79,254,254,154,0,0,0,0,0,0,0,0,0,0,0,0,0,0,0,0,0,0,0,0,0,0,0,0,163,254,238,53,0,0,0,0,0,0,0,0,0,0,0,0,0,0,0,0,0,0,0,0,0,0,0,28,252,254,210,0,0,0,0,0,0,0,0,0,0,0,0,0,0,0,0,0,0,0,0,0,0,0,0,86,254,254,131,0,0,0,0,0,0,0,0,0,0,0,0,0,0,0,0,0,0,0,0,0,0,0,0,105,254,234,20,0,0,0,0,0,0,0,0,0,0,0,0,0,0,0,0,0,0,0,0,0,0,0,0,175,254,204,5,0,0,0,0,0,0,0,0,0,0,0,0,0,0,0,0,0,0,0,0,0,0,0,5,211,254,196,0,0,0,0,0,0,0,0,0,0,0,0,0,0,0,0,0,0,0,0,0,0,0,0,3,158,254,160,0,0,0,0,0,0,0,0,0,0,0,0,0,0,0,0,0,0,0,0,0,0,0,0,0,26,157,107,0,0,0,0,0,0,0,0,0,0,0,0,0,0,0,0,0,0,0,0,0,0,0,0,0,0,0,0,0,0,0,0,0,0,0,0,0,0,0,0,0,0,0,0,0,0,0,0,0,0,0,0,0,0,0,0,0,0,0,0,0,0,0,0,0,0,0,0,0,0,0,0,0,0,0,0,0,0,0,0,0,0,0,0,0,0,0,0,0,0,0,0,0,0,0,0,0,0
file7,4,0,0,0,0,0,0,0,0,0,0,0,0,0,0,0,0,0,0,0,0,0,0,0,0,0,0,0,0,0,0,0,0,0,0,0,0,0,0,0,0,0,0,0,0,0,0,0,0,0,0,0,0,0,0,0,0,0,0,0,0,0,0,0,0,0,0,0,0,0,0,0,0,0,0,0,0,0,0,0,0,0,0,0,0,0,0,0,0,0,0,0,0,0,0,0,0,0,0,0,0,0,0,0,0,0,0,0,0,0,0,0,0,0,0,0,0,0,0,0,0,0,0,0,0,0,0,0,0,0,0,0,0,0,0,0,0,0,0,0,0,0,0,0,0,0,0,0,0,0,22,192,134,32,0,0,0,0,0,0,0,0,15,77,5,0,0,0,0,0,0,0,0,0,0,0,0,17,235,250,169,0,0,0,0,0,0,0,0,15,220,241,37,0,0,0,0,0,0,0,0,0,0,0,20,189,253,147,0,0,0,0,0,0,0,0,0,139,253,100,0,0,0,0,0,0,0,0,0,0,0,0,70,253,253,21,0,0,0,0,0,0,0,0,43,254,173,13,0,0,0,0,0,0,0,0,0,0,0,22,153,253,96,0,0,0,0,0,0,0,0,43,231,254,92,0,0,0,0,0,0,0,0,0,0,0,0,163,255,204,11,0,0,0,0,0,0,0,0,104,254,158,0,0,0,0,0,0,0,0,0,0,0,0,0,162,253,178,5,0,0,0,0,0,0,9,131,237,253,0,0,0,0,0,0,0,0,0,0,0,0,0,0,162,253,253,191,175,70,70,70,70,133,197,253,253,169,0,0,0,0,0,0,0,0,0,0,0,0,0,0,51,228,253,253,254,253,253,253,253,254,253,253,219,35,0,0,0,0,0,0,0,0,0,0,0,0,0,0,0,17,65,137,254,232,137,137,137,44,253,253,161,0,0,0,0,0,0,0,0,0,0,0,0,0,0,0,0,0,0,0,0,0,0,0,0,34,254,206,21,0,0,0,0,0,0,0,0,0,0,0,0,0,0,0,0,0,0,0,0,0,0,0,0,160,253,69,0,0,0,0,0,0,0,0,0,0,0,0,0,0,0,0,0,0,0,0,0,0,0,0,85,254,241,50,0,0,0,0,0,0,0,0,0,0,0,0,0,0,0,0,0,0,0,0,0,0,0,0,158,254,165,0,0,0,0,0,0,0,0,0,0,0,0,0,0,0,0,0,0,0,0,0,0,0,0,0,231,244,50,0,0,0,0,0,0,0,0,0,0,0,0,0,0,0,0,0,0,0,0,0,0,0,0,104,254,232,0,0,0,0,0,0,0,0,0,0,0,0,0,0,0,0,0,0,0,0,0,0,0,0,0,208,253,157,0,13,30,0,0,0,0,0,0,0,0,0,0,0,0,0,0,0,0,0,0,0,0,0,0,208,253,154,91,204,161,0,0,0,0,0,0,0,0,0,0,0,0,0,0,0,0,0,0,0,0,0,0,208,253,254,253,154,29,0,0,0,0,0,0,0,0,0,0,0,0,0,0,0,0,0,0,0,0,0,0,61,190,128,23,6,0,0,0,0,0,0,0,0,0,0,0,0,0,0,0,0,0,0,0,0,0,0,0,0,0,0,0,0,0,0,0,0,0,0,0,0,0,0,0,0,0,0,0,0,0,0,0,0,0,0,0,0,0,0,0,0,0,0,0,0,0,0,0,0,0,0,0,0,0,0,0,0,0,0,0,0,0,0,0,0,0,0,0,0,0,0,0,0,0,0,0,0,0,0
file8,9,0,0,0,0,0,0,0,0,0,0,0,0,0,0,0,0,0,0,0,0,0,0,0,0,0,0,0,0,0,0,0,0,0,0,0,0,0,0,0,0,0,0,0,0,0,0,0,0,0,0,0,0,0,0,0,0,0,0,0,0,0,0,0,0,0,0,0,0,0,0,0,0,0,0,0,0,0,0,0,0,0,0,0,0,0,0,0,0,0,0,0,0,0,0,0,0,0,0,0,0,0,0,0,0,0,0,0,0,0,0,0,0,0,0,0,0,0,0,0,0,0,0,0,0,0,0,0,0,0,0,0,0,0,0,0,0,0,0,0,0,0,0,0,0,0,0,0,0,0,0,0,0,0,0,0,0,0,0,0,0,0,0,0,0,0,0,0,0,0,0,0,0,0,0,0,0,0,0,0,14,149,193,5,0,0,0,0,0,0,0,0,0,0,0,0,0,0,0,0,0,0,0,0,0,0,0,91,224,253,253,19,0,0,0,0,0,0,0,0,0,0,0,0,0,0,0,0,0,0,0,0,0,0,28,235,254,253,253,166,18,0,0,0,0,0,0,0,0,0,0,0,0,0,0,0,0,0,0,0,0,0,144,253,254,253,253,253,238,115,6,0,0,0,0,0,0,0,0,0,0,0,0,0,0,0,0,0,0,31,241,253,208,185,253,253,253,231,24,0,0,0,0,0,0,0,0,0,0,0,0,0,0,0,0,0,0,79,254,193,0,8,98,219,254,255,201,18,0,0,0,0,0,0,0,0,0,0,0,0,0,0,0,0,0,86,253,80,0,0,0,182,253,254,191,12,0,0,0,0,0,0,0,0,0,0,0,0,0,0,0,0,0,175,253,155,0,0,0,234,253,254,135,0,0,0,0,0,0,0,0,0,0,0,0,0,0,0,0,0,0,86,253,208,40,85,166,251,237,254,236,42,0,0,0,0,0,0,0,0,0,0,0,0,0,0,0,0,0,18,238,253,254,253,253,185,36,216,253,152,0,0,0,0,0,0,0,0,0,0,0,0,0,0,0,0,0,0,68,240,255,254,145,8,0,134,254,223,35,0,0,0,0,0,0,0,0,0,0,0,0,0,0,0,0,0,0,68,158,142,12,0,0,9,175,253,161,0,0,0,0,0,0,0,0,0,0,0,0,0,0,0,0,0,0,0,0,0,0,0,0,0,88,253,226,18,0,0,0,0,0,0,0,0,0,0,0,0,0,0,0,0,0,0,0,0,0,0,0,0,2,166,253,126,0,0,0,0,0,0,0,0,0,0,0,0,0,0,0,0,0,0,0,0,0,0,0,0,0,48,245,253,38,0,0,0,0,0,0,0,0,0,0,0,0,0,0,0,0,0,0,0,0,0,0,0,0,0,115,254,172,9,0,0,0,0,0,0,0,0,0,0,0,0,0,0,0,0,0,0,0,0,0,0,0,0,21,218,254,46,0,0,0,0,0,0,0,0,0,0,0,0,0,0,0,0,0,0,0,0,0,0,0,0,0,30,254,165,0,0,0,0,0,0,0,0,0,0,0,0,0,0,0,0,0,0,0,0,0,0,0,0,0,0,186,244,42,0,0,0,0,0,0,0,0,0,0,0,0,0,0,0,0,0,0,0,0,0,0,0,0,0,14,223,78,0,0,0,0,0,0,0,0,0,0,0,0,0,0,0,0,0,0,0,0,0,0,0,0,0,0,0,0,0,0,0,0,0,0,0,0,0,0,0,0,0,0,0,0,0,0,0,0,0,0,0,0,0,0,0,0,0,0,0,0
file9,5,0,0,0,0,0,0,0,0,0,0,0,0,0,0,0,0,0,0,0,0,0,0,0,0,0,0,0,0,0,0,0,0,0,0,0,0,0,0,0,0,0,0,0,0,0,0,0,0,0,0,0,0,0,0,0,0,0,0,0,0,0,0,0,0,0,0,0,0,0,0,0,0,0,0,0,0,0,0,0,0,0,0,0,0,0,0,0,0,0,0,0,0,0,0,0,0,0,0,0,0,0,0,0,0,0,0,0,0,0,0,0,0,0,0,0,0,0,0,0,0,0,0,0,0,0,0,0,0,0,17,47,47,47,16,129,85,47,0,0,0,0,0,0,0,0,0,0,0,0,0,0,0,0,0,0,75,153,217,253,253,253,215,246,253,253,0,0,0,0,0,0,0,0,0,0,0,0,0,0,0,35,142,244,252,253,253,253,253,253,253,253,253,253,0,0,0,0,0,0,0,0,0,0,0,0,0,0,0,63,253,253,253,253,253,253,253,213,170,170,170,170,0,0,0,0,0,0,0,0,0,0,0,20,132,72,0,57,238,227,238,168,124,69,20,11,0,0,0,0,0,0,0,0,0,0,0,0,0,0,11,206,253,78,0,0,32,0,30,2,0,0,0,0,0,0,0,0,0,0,0,0,0,0,0,0,0,6,177,253,132,10,0,0,0,0,0,0,0,0,0,0,0,0,0,0,0,0,0,0,0,0,0,0,12,133,253,233,15,0,0,0,0,0,0,0,0,0,0,0,0,0,0,0,0,0,0,0,0,0,0,0,92,253,223,28,0,0,0,0,0,0,0,0,0,0,0,0,0,0,0,0,0,0,0,0,0,0,0,0,150,253,174,0,0,0,0,0,0,0,0,0,0,0,0,0,0,0,0,0,0,0,0,0,0,0,0,0,234,253,246,127,49,0,0,0,0,0,0,0,0,0,0,0,0,0,0,0,0,0,0,0,0,0,0,0,255,253,253,253,251,147,91,121,85,42,42,85,28,0,0,0,0,0,0,0,0,0,0,0,0,0,0,0,139,253,253,253,253,253,253,253,253,253,253,253,232,168,0,0,0,0,0,0,0,0,0,0,0,0,0,0,3,53,218,222,251,253,253,253,253,253,253,253,253,252,124,0,0,0,0,0,0,0,0,0,0,0,0,0,0,0,0,0,67,72,200,253,253,253,253,253,253,253,175,0,0,0,0,0,0,0,0,0,0,0,0,0,0,0,0,0,0,0,120,253,249,152,51,164,253,253,175,0,0,0,0,0,0,0,0,0,0,0,0,0,0,0,0,0,0,0,50,253,253,253,188,252,253,253,148,0,0,0,0,0,0,0,0,0,0,0,0,0,0,0,0,0,0,0,9,167,253,253,253,253,250,175,11,0,0,0,0,0,0,0,0,0,0,0,0,0,0,0,0,0,0,0,0,23,180,231,253,221,128,0,0,0,0,0,0,0,0,0,0,0,0,0,0,0,0,0,0,0,0,0,0,0,0,93,149,22,0,0,0,0,0,0,0,0,0,0,0,0,0,0,0,0,0,0,0,0,0,0,0,0,0,0,0,0,0,0,0,0,0,0,0,0,0,0,0,0,0,0,0,0,0,0,0,0,0,0,0,0,0,0,0,0,0,0,0,0,0,0,0,0,0,0,0,0,0,0,0,0,0,0,0,0,0,0,0,0,0,0,0,0,0,0,0,0,0,0,0,0,0,0,0,0,0,0,0,0,0,0,0,0,0,0,0,0,0,0,0,0,0,0,0,0,0,0,0,0,0,0,0
file10,9,0,0,0,0,0,0,0,0,0,0,0,0,0,0,0,0,0,0,0,0,0,0,0,0,0,0,0,0,0,0,0,0,0,0,0,0,0,0,0,0,0,0,0,0,0,0,0,0,0,0,0,0,0,0,0,0,0,0,0,0,0,0,0,0,0,0,0,0,0,0,0,0,0,0,0,0,0,0,0,0,0,0,0,0,0,0,0,0,0,0,0,0,0,0,0,0,0,0,0,0,0,0,0,0,0,0,0,0,0,0,0,0,0,0,0,0,0,0,0,0,0,0,0,0,0,0,0,0,0,0,0,0,0,0,0,0,0,0,0,0,0,0,0,0,0,0,0,0,0,0,0,0,0,0,0,0,0,0,0,0,0,0,0,0,0,0,0,0,0,0,0,0,0,0,0,0,0,0,0,0,0,0,0,0,0,0,0,0,0,0,0,0,0,0,0,0,0,0,0,0,0,0,0,0,0,0,0,0,0,36,56,137,201,199,95,37,0,0,0,0,0,0,0,0,0,0,0,0,0,0,0,0,0,0,0,45,152,234,254,254,254,254,254,250,211,151,6,0,0,0,0,0,0,0,0,0,0,0,0,0,0,46,153,240,254,254,227,166,133,251,200,254,229,225,104,0,0,0,0,0,0,0,0,0,0,0,0,0,153,234,254,254,187,142,8,0,0,191,40,198,246,223,253,21,0,0,0,0,0,0,0,0,0,0,8,126,253,254,233,128,11,0,0,0,0,210,43,70,254,254,254,21,0,0,0,0,0,0,0,0,0,0,72,243,254,228,54,0,0,0,0,3,32,116,225,242,254,255,162,5,0,0,0,0,0,0,0,0,0,0,75,240,254,223,109,138,178,178,169,210,251,231,254,254,254,232,38,0,0,0,0,0,0,0,0,0,0,0,9,175,244,253,255,254,254,251,254,254,254,254,254,252,171,25,0,0,0,0,0,0,0,0,0,0,0,0,0,0,16,136,195,176,146,153,200,254,254,254,254,150,16,0,0,0,0,0,0,0,0,0,0,0,0,0,0,0,0,0,0,0,0,0,162,254,254,241,99,3,0,0,0,0,0,0,0,0,0,0,0,0,0,0,0,0,0,0,0,0,0,118,250,254,254,90,0,0,0,0,0,0,0,0,0,0,0,0,0,0,0,0,0,0,0,0,0,0,100,242,254,254,211,7,0,0,0,0,0,0,0,0,0,0,0,0,0,0,0,0,0,0,0,0,0,54,241,254,254,242,59,0,0,0,0,0,0,0,0,0,0,0,0,0,0,0,0,0,0,0,0,0,0,131,254,254,244,64,0,0,0,0,0,0,0,0,0,0,0,0,0,0,0,0,0,0,0,0,0,0,13,249,254,254,152,0,0,0,0,0,0,0,0,0,0,0,0,0,0,0,0,0,0,0,0,0,0,12,228,254,254,208,8,0,0,0,0,0,0,0,0,0,0,0,0,0,0,0,0,0,0,0,0,0,0,78,255,254,254,66,0,0,0,0,0,0,0,0,0,0,0,0,0,0,0,0,0,0,0,0,0,0,0,209,254,254,137,0,0,0,0,0,0,0,0,0,0,0,0,0,0,0,0,0,0,0,0,0,0,0,0,227,255,233,25,0,0,0,0,0,0,0,0,0,0,0,0,0,0,0,0,0,0,0,0,0,0,0,0,113,255,108,0,0,0,0,0,0,0,0,0,0,0,0,0,0,0,0,0,0,0,0,0,0,0,0,0,0,0,0,0,0,0,0,0,0,0,0,0,0,0,0,0,0,0,0
file11,0,0,0,0,0,0,0,0,0,0,0,0,0,0,0,0,0,0,0,0,0,0,0,0,0,0,0,0,0,0,0,0,0,0,0,0,0,0,0,0,0,0,0,0,0,0,0,0,0,0,0,0,0,0,0,0,0,0,0,0,0,0,0,0,0,0,0,0,0,0,0,0,0,0,0,0,0,0,0,0,0,0,0,0,0,0,0,0,0,0,0,0,0,0,0,0,0,0,0,0,0,0,0,0,0,0,0,0,0,0,0,0,0,0,0,0,0,0,0,0,0,0,0,0,61,3,42,118,193,118,118,61,0,0,0,0,0,0,0,0,0,0,0,0,0,0,0,0,0,0,14,179,245,236,242,254,254,254,254,245,235,84,0,0,0,0,0,0,0,0,0,0,0,0,0,0,0,0,151,254,254,254,213,192,178,178,180,254,254,241,46,0,0,0,0,0,0,0,0,0,0,0,0,0,0,43,235,254,226,64,28,12,0,0,2,128,252,255,173,17,0,0,0,0,0,0,0,0,0,0,0,0,0,56,254,253,107,0,0,0,0,0,0,0,134,250,254,75,0,0,0,0,0,0,0,0,0,0,0,0,0,63,254,158,0,0,0,0,0,0,0,0,0,221,254,157,0,0,0,0,0,0,0,0,0,0,0,0,0,194,254,103,0,0,0,0,0,0,0,0,0,150,254,213,0,0,0,0,0,0,0,0,0,0,0,0,34,220,239,58,0,0,0,0,0,0,0,0,0,84,254,213,0,0,0,0,0,0,0,0,0,0,0,0,126,254,171,0,0,0,0,0,0,0,0,0,0,84,254,213,0,0,0,0,0,0,0,0,0,0,0,0,214,239,60,0,0,0,0,0,0,0,0,0,0,84,254,213,0,0,0,0,0,0,0,0,0,0,0,0,214,199,0,0,0,0,0,0,0,0,0,0,0,84,254,213,0,0,0,0,0,0,0,0,0,0,0,11,219,199,0,0,0,0,0,0,0,0,0,0,0,84,254,213,0,0,0,0,0,0,0,0,0,0,0,98,254,199,0,0,0,0,0,0,0,0,0,0,0,162,254,209,0,0,0,0,0,0,0,0,0,0,0,98,254,199,0,0,0,0,0,0,0,0,0,0,51,238,254,75,0,0,0,0,0,0,0,0,0,0,0,98,254,199,0,0,0,0,0,0,0,0,0,51,165,254,195,4,0,0,0,0,0,0,0,0,0,0,0,66,241,199,0,0,0,0,0,0,0,0,3,167,254,227,55,0,0,0,0,0,0,0,0,0,0,0,0,0,214,213,20,0,0,0,0,0,46,152,202,254,254,63,0,0,0,0,0,0,0,0,0,0,0,0,0,0,214,254,204,180,180,180,180,180,235,254,254,234,156,10,0,0,0,0,0,0,0,0,0,0,0,0,0,0,81,205,254,254,254,254,254,254,254,252,234,120,0,0,0,0,0,0,0,0,0,0,0,0,0,0,0,0,0,26,210,254,254,254,254,254,153,104,0,0,0,0,0,0,0,0,0,0,0,0,0,0,0,0,0,0,0,0,0,0,0,0,0,0,0,0,0,0,0,0,0,0,0,0,0,0,0,0,0,0,0,0,0,0,0,0,0,0,0,0,0,0,0,0,0,0,0,0,0,0,0,0,0,0,0,0,0,0,0,0,0,0,0,0,0,0,0,0,0,0,0,0,0,0,0,0,0,0,0,0,0,0,0,0,0,0,0,0,0,0,0,0,0,0,0,0,0,0,0,0,0,0,0,0,0,0,0,0,0,0,0
file12,6,0,0,0,0,0,0,0,0,0,0,0,0,0,0,0,0,0,0,0,0,0,0,0,0,0,0,0,0,0,0,0,0,0,0,0,0,0,0,0,0,0,0,0,0,0,0,0,0,0,0,0,0,0,0,0,0,0,0,0,0,0,0,0,0,0,0,0,0,0,0,0,0,0,0,0,0,0,0,0,0,0,0,0,0,0,0,0,0,0,0,0,0,0,0,7,204,253,176,0,0,0,0,0,0,0,0,0,0,0,0,0,0,0,0,0,0,0,0,0,0,0,7,150,252,252,125,0,0,0,0,0,0,0,0,0,0,0,0,0,0,0,0,0,0,0,0,0,0,0,117,252,186,56,0,0,0,0,0,0,0,0,0,0,0,0,0,0,0,0,0,0,0,0,0,0,0,0,141,252,118,0,0,0,0,0,0,0,0,0,0,0,0,0,0,0,0,0,0,0,0,0,0,0,0,0,154,247,50,0,0,0,0,0,0,0,0,0,0,0,0,0,0,0,0,0,0,0,0,0,0,0,0,26,253,196,0,0,0,0,0,0,0,0,0,0,0,0,0,0,0,0,0,0,0,0,0,0,0,0,0,150,253,196,0,0,0,0,0,0,0,57,85,85,38,0,0,0,0,0,0,0,0,0,0,0,0,0,0,225,253,96,0,0,0,0,0,151,226,243,252,252,238,125,0,0,0,0,0,0,0,0,0,0,0,0,10,229,226,0,0,0,4,54,229,253,255,234,175,225,255,228,31,0,0,0,0,0,0,0,0,0,0,0,110,252,150,0,0,26,128,252,252,227,134,28,0,0,178,252,56,0,0,0,0,0,0,0,0,0,0,0,159,252,113,0,0,150,253,252,186,43,0,0,0,0,141,252,56,0,0,0,0,0,0,0,0,0,0,0,185,252,113,0,38,237,253,151,6,0,0,0,0,0,141,202,6,0,0,0,0,0,0,0,0,0,0,0,198,253,114,0,147,253,163,0,0,0,0,0,0,0,154,197,0,0,0,0,0,0,0,0,0,0,0,0,197,252,113,0,172,252,188,0,0,0,0,0,0,26,253,171,0,0,0,0,0,0,0,0,0,0,0,0,197,252,113,0,19,231,247,122,19,0,0,0,0,200,244,56,0,0,0,0,0,0,0,0,0,0,0,26,222,252,113,0,0,25,203,252,193,13,0,76,200,249,125,0,0,0,0,0,0,0,0,0,0,0,0,0,185,253,179,10,0,0,0,76,35,29,154,253,244,125,0,0,0,0,0,0,0,0,0,0,0,0,0,0,28,209,253,196,82,57,57,131,197,252,253,214,81,0,0,0,0,0,0,0,0,0,0,0,0,0,0,0,0,25,216,252,252,252,253,252,252,252,156,19,0,0,0,0,0,0,0,0,0,0,0,0,0,0,0,0,0,0,16,103,139,240,140,139,139,40,0,0,0,0,0,0,0,0,0,0,0,0,0,0,0,0,0,0,0,0,0,0,0,0,0,0,0,0,0,0,0,0,0,0,0,0,0,0,0,0,0,0,0,0,0,0,0,0,0,0,0,0,0,0,0,0,0,0,0,0,0,0,0,0,0,0,0,0,0,0,0,0,0,0,0,0,0,0,0,0,0,0,0,0,0,0,0,0,0,0,0,0,0,0,0,0,0,0,0,0,0,0,0,0,0,0,0,0,0,0,0,0,0,0,0,0,0,0,0,0,0,0,0,0,0,0,0,0,0,0,0,0,0,0,0,0,0,0,0,0,0,0,0,0,0,0,0,0,0,0,0
file13,9,0,0,0,0,0,0,0,0,0,0,0,0,0,0,0,0,0,0,0,0,0,0,0,0,0,0,0,0,0,0,0,0,0,0,0,0,0,0,0,0,0,0,0,0,0,0,0,0,0,0,0,0,0,0,0,0,0,0,0,0,0,0,0,0,0,0,0,0,0,0,0,0,0,0,0,0,0,0,0,0,0,0,0,0,0,0,0,0,0,0,0,0,0,0,0,0,0,0,0,0,0,0,0,0,0,0,0,0,0,0,0,0,0,0,0,0,0,0,0,0,0,0,0,0,0,0,0,0,0,0,0,0,0,0,0,0,0,0,0,0,0,0,0,0,0,0,0,0,0,0,0,0,0,0,0,0,0,0,0,0,0,0,0,0,0,0,0,0,0,0,0,0,0,0,0,0,0,0,0,0,0,0,0,0,0,0,0,0,0,0,0,0,0,0,0,0,0,0,0,0,0,0,0,0,0,0,0,0,49,180,253,255,253,169,36,11,76,9,0,0,0,0,0,0,0,0,0,0,0,0,0,0,0,0,5,68,228,252,252,253,252,252,160,189,253,92,0,0,0,0,0,0,0,0,0,0,0,0,0,0,0,0,55,252,252,227,79,69,69,100,90,236,247,67,0,0,0,0,0,0,0,0,0,0,0,0,0,0,0,43,233,252,185,50,0,0,0,26,203,252,135,0,0,0,0,0,0,0,0,0,0,0,0,0,0,0,0,168,253,178,37,0,0,0,0,70,252,252,63,0,0,0,0,0,0,0,0,0,0,0,0,0,0,0,155,253,242,42,0,0,0,0,5,191,253,190,0,0,0,0,0,0,0,0,0,0,0,0,0,0,0,0,207,252,230,0,0,0,0,5,136,252,252,64,0,0,0,0,0,0,0,0,0,0,0,0,0,0,0,0,207,252,230,0,0,0,32,138,252,252,227,16,0,0,0,0,0,0,0,0,0,0,0,0,0,0,0,0,165,252,249,207,207,207,228,253,252,252,160,0,0,0,0,0,0,0,0,0,0,0,0,0,0,0,0,0,9,179,253,252,252,252,252,75,169,252,56,0,0,0,0,0,0,0,0,0,0,0,0,0,0,0,0,0,0,0,64,116,116,74,0,149,253,215,21,0,0,0,0,0,0,0,0,0,0,0,0,0,0,0,0,0,0,0,0,0,0,0,0,253,252,162,0,0,0,0,0,0,0,0,0,0,0,0,0,0,0,0,0,0,0,0,0,0,0,0,32,253,240,50,0,0,0,0,0,0,0,0,0,0,0,0,0,0,0,0,0,0,0,0,0,0,0,0,157,253,164,0,0,0,0,0,0,0,0,0,0,0,0,0,0,0,0,0,0,0,0,0,0,0,0,43,240,253,92,0,0,0,0,0,0,0,0,0,0,0,0,0,0,0,0,0,0,0,0,0,0,0,0,93,253,252,84,0,0,0,0,0,0,0,0,0,0,0,0,0,0,0,0,0,0,0,0,0,0,0,0,114,252,209,0,0,0,0,0,0,0,0,0,0,0,0,0,0,0,0,0,0,0,0,0,0,0,0,0,207,252,116,0,0,0,0,0,0,0,0,0,0,0,0,0,0,0,0,0,0,0,0,0,0,0,0,0,165,252,116,0,0,0,0,0,0,0,0,0,0,0,0,0,0,0,0,0,0,0,0,0,0,0,0,0,93,200,63,0,0,0,0,0,0,0,0,0,0,0,0,0,0,0,0,0,0,0,0,0,0,0,0,0,0,0,0,0,0,0,0,0,0,0,0,0,0,0,0
file14,0,0,0,0,0,0,0,0,0,0,0,0,0,0,0,0,0,0,0,0,0,0,0,0,0,0,0,0,0,0,0,0,0,0,0,0,0,0,0,0,0,0,0,0,0,0,0,0,0,0,0,0,0,0,0,0,0,0,0,0,0,0,0,0,0,0,0,0,0,0,0,0,0,0,0,0,0,0,0,0,0,0,0,0,0,0,0,0,0,0,0,0,0,0,0,0,0,0,0,0,0,0,0,0,0,0,0,0,0,0,0,0,0,0,0,0,0,0,0,0,0,0,0,0,0,0,0,0,0,0,0,0,0,0,0,0,0,0,0,0,0,0,0,0,0,0,0,0,0,0,0,0,0,17,66,138,255,253,169,138,23,0,0,0,0,0,0,0,0,0,0,0,0,0,0,0,0,0,0,5,120,228,252,252,253,252,252,252,158,0,0,0,0,0,0,0,0,0,0,0,0,0,0,0,0,0,0,108,252,252,252,252,190,252,252,252,252,0,0,0,0,0,0,0,0,0,0,0,0,0,0,0,0,0,43,233,252,252,252,116,5,135,252,252,252,0,0,0,0,0,0,0,0,0,0,0,0,0,0,0,0,43,178,253,252,221,43,2,0,5,54,232,252,210,0,0,0,0,0,0,0,0,0,0,0,0,0,0,0,93,253,255,249,115,0,0,0,0,0,136,251,255,154,0,0,0,0,0,0,0,0,0,0,0,0,0,0,166,252,253,185,0,0,0,0,0,0,0,209,253,206,0,0,0,0,0,0,0,0,0,0,0,0,0,19,220,252,253,92,0,0,0,0,0,0,0,116,253,206,0,0,0,0,0,0,0,0,0,0,0,0,0,70,252,252,192,17,0,0,0,0,0,0,0,116,253,223,25,0,0,0,0,0,0,0,0,0,0,0,0,122,252,252,63,0,0,0,0,0,0,0,0,116,253,252,69,0,0,0,0,0,0,0,0,0,0,0,0,132,253,253,0,0,0,0,0,0,0,0,0,116,255,253,69,0,0,0,0,0,0,0,0,0,0,0,0,184,252,252,0,0,0,0,0,0,0,0,0,116,253,252,69,0,0,0,0,0,0,0,0,0,0,0,0,184,252,252,0,0,0,0,0,0,0,0,0,116,253,240,50,0,0,0,0,0,0,0,0,0,0,0,0,184,252,252,0,0,0,0,0,0,0,0,0,210,253,112,0,0,0,0,0,0,0,0,0,0,0,0,0,48,232,252,158,0,0,0,0,0,0,0,0,230,232,8,0,0,0,0,0,0,0,0,0,0,0,0,0,0,93,253,244,50,0,0,0,0,0,0,155,253,168,0,0,0,0,0,0,0,0,0,0,0,0,0,0,0,34,164,253,113,0,0,0,0,0,66,236,231,42,0,0,0,0,0,0,0,0,0,0,0,0,0,0,0,0,32,222,240,134,0,0,38,91,234,252,137,0,0,0,0,0,0,0,0,0,0,0,0,0,0,0,0,0,0,25,177,240,207,103,233,252,252,176,35,0,0,0,0,0,0,0,0,0,0,0,0,0,0,0,0,0,0,0,15,54,179,252,137,137,54,4,0,0,0,0,0,0,0,0,0,0,0,0,0,0,0,0,0,0,0,0,0,0,0,0,0,0,0,0,0,0,0,0,0,0,0,0,0,0,0,0,0,0,0,0,0,0,0,0,0,0,0,0,0,0,0,0,0,0,0,0,0,0,0,0,0,0,0,0,0,0,0,0,0,0,0,0,0,0,0,0,0,0,0,0,0,0,0,0,0,0,0,0,0
file15,1,0,0,0,0,0,0,0,0,0,0,0,0,0,0,0,0,0,0,0,0,0,0,0,0,0,0,0,0,0,0,0,0,0,0,0,0,0,0,0,0,0,0,0,0,0,0,0,0,0,0,0,0,0,0,0,0,0,0,0,0,0,0,0,0,0,0,0,0,0,0,0,0,0,0,0,0,0,0,0,0,0,0,0,0,0,0,0,0,0,0,0,0,0,0,0,0,0,0,0,0,0,0,0,0,0,0,0,0,0,0,0,0,0,0,0,0,0,0,0,0,0,0,0,0,0,128,255,191,0,0,0,0,0,0,0,0,0,0,0,0,0,0,0,0,0,0,0,0,0,0,0,0,0,191,255,255,64,0,0,0,0,0,0,0,0,0,0,0,0,0,0,0,0,0,0,0,0,0,0,0,0,255,255,255,128,0,0,0,0,0,0,0,0,0,0,0,0,0,0,0,0,0,0,0,0,0,0,0,0,255,255,255,0,0,0,0,0,0,0,0,0,0,0,0,0,0,0,0,0,0,0,0,0,0,0,0,0,255,255,255,0,0,0,0,0,0,0,0,0,0,0,0,0,0,0,0,0,0,0,0,0,0,0,0,0,128,255,255,128,0,0,0,0,0,0,0,0,0,0,0,0,0,0,0,0,0,0,0,0,0,0,0,0,255,255,255,128,0,0,0,0,0,0,0,0,0,0,0,0,0,0,0,0,0,0,0,0,0,0,0,0,255,255,255,128,0,0,0,0,0,0,0,0,0,0,0,0,0,0,0,0,0,0,0,0,0,0,0,0,255,255,255,128,0,0,0,0,0,0,0,0,0,0,0,0,0,0,0,0,0,0,0,0,0,0,0,0,255,255,255,128,0,0,0,0,0,0,0,0,0,0,0,0,0,0,0,0,0,0,0,0,0,0,0,0,255,255,255,0,0,0,0,0,0,0,0,0,0,0,0,0,0,0,0,0,0,0,0,0,0,0,0,0,255,255,255,0,0,0,0,0,0,0,0,0,0,0,0,0,0,0,0,0,0,0,0,0,0,0,0,0,255,255,255,0,0,0,0,0,0,0,0,0,0,0,0,0,0,0,0,0,0,0,0,0,0,0,0,0,255,255,255,0,0,0,0,0,0,0,0,0,0,0,0,0,0,0,0,0,0,0,0,0,0,0,0,0,191,255,255,128,0,0,0,0,0,0,0,0,0,0,0,0,0,0,0,0,0,0,0,0,0,0,0,0,191,255,255,128,0,0,0,0,0,0,0,0,0,0,0,0,0,0,0,0,0,0,0,0,0,0,0,64,255,255,255,128,0,0,0,0,0,0,0,0,0,0,0,0,0,0,0,0,0,0,0,0,0,0,0,191,255,255,255,128,0,0,0,0,0,0,0,0,0,0,0,0,0,0,0,0,0,0,0,0,0,0,64,255,255,255,64,0,0,0,0,0,0,0,0,0,0,0,0,0,0,0,0,0,0,0,0,0,0,0,64,255,128,0,0,0,0,0,0,0,0,0,0,0,0,0,0,0,0,0,0,0,0,0,0,0,0,0,0,0,0,0,0,0,0,0,0,0,0,0,0,0,0,0,0,0,0,0,0,0,0,0,0,0,0,0,0,0,0,0,0,0,0,0,0,0,0,0,0,0,0,0,0,0,0,0,0,0,0,0,0,0,0,0,0,0,0,0,0,0,0,0,0,0,0,0,0,0,0,0,0,0,0,0,0,0,0,0,0,0,0,0,0,0,0,0,0,0,0,0,0,0,0,0,0,0,0,0,0
file16,5,0,0,0,0,0,0,0,0,0,0,0,0,0,0,0,0,0,0,0,0,0,0,0,0,0,0,0,0,0,0,0,0,0,0,0,0,0,0,0,0,0,0,0,0,0,0,0,0,0,0,0,0,0,0,0,0,0,0,0,0,0,0,0,0,0,0,0,0,0,0,0,0,0,0,0,0,0,0,0,0,0,0,0,0,0,0,0,0,0,0,0,0,0,0,0,0,0,0,0,0,0,0,0,0,0,0,0,0,0,0,0,0,0,0,0,0,0,0,0,0,0,0,0,0,51,132,214,253,254,253,203,162,41,0,0,0,0,0,0,0,0,0,0,0,0,0,0,0,102,142,203,203,253,252,253,252,151,70,0,0,0,0,0,0,0,0,0,0,0,0,0,0,0,0,0,0,254,253,244,203,142,102,82,0,0,0,0,0,0,0,0,0,0,0,0,0,0,0,0,0,0,0,0,0,172,252,203,0,0,0,0,0,0,0,0,0,0,0,0,0,0,0,0,0,0,0,0,0,0,0,0,0,21,223,234,30,0,0,0,0,0,0,0,0,0,0,0,0,0,0,0,0,0,0,0,0,0,0,0,0,0,122,253,50,0,0,0,0,0,0,0,0,0,0,0,0,0,0,0,0,0,0,0,0,0,0,0,0,0,123,254,91,51,51,51,10,0,0,0,0,0,0,0,0,0,0,0,0,0,0,0,0,0,0,0,0,21,223,253,252,253,252,253,172,82,0,0,0,0,0,0,0,0,0,0,0,0,0,0,0,0,0,0,21,214,253,203,162,102,102,203,223,254,253,51,10,0,0,0,0,0,0,0,0,0,0,0,0,0,0,0,61,253,171,0,0,0,0,0,20,112,192,253,212,41,0,0,0,0,0,0,0,0,0,0,0,0,0,0,0,0,0,0,0,0,0,0,0,0,0,102,203,234,51,0,0,0,0,0,0,0,0,0,0,0,0,0,0,0,0,0,0,0,0,0,0,0,0,0,20,213,232,82,0,0,0,0,0,0,0,0,0,0,0,0,0,0,0,0,0,0,0,0,0,0,0,0,0,62,203,234,112,0,0,0,0,0,0,0,0,0,0,0,0,0,0,0,0,0,0,0,0,0,0,0,0,0,20,213,252,0,0,0,0,0,0,0,0,0,0,0,0,0,0,0,0,0,0,0,0,0,0,0,0,0,0,153,253,0,0,0,0,0,0,0,0,0,0,0,0,0,0,0,0,0,0,0,0,0,0,0,0,0,41,233,212,0,0,0,0,0,0,0,0,0,0,0,0,113,92,0,0,0,0,0,0,0,0,0,0,31,173,244,40,0,0,0,0,0,0,0,0,0,0,0,82,253,151,0,0,0,0,0,0,21,102,102,183,233,212,81,0,0,0,0,0,0,0,0,0,0,0,0,82,255,253,234,152,153,193,173,253,254,253,254,213,142,20,0,0,0,0,0,0,0,0,0,0,0,0,0,0,71,151,151,232,253,212,192,151,131,50,50,10,0,0,0,0,0,0,0,0,0,0,0,0,0,0,0,0,0,0,0,0,0,0,0,0,0,0,0,0,0,0,0,0,0,0,0,0,0,0,0,0,0,0,0,0,0,0,0,0,0,0,0,0,0,0,0,0,0,0,0,0,0,0,0,0,0,0,0,0,0,0,0,0,0,0,0,0,0,0,0,0,0,0,0,0,0,0,0,0,0,0,0,0,0,0,0,0,0,0,0,0,0,0,0,0,0,0,0,0,0,0,0,0,0,0,0,0,0,0,0,0
file17,9,0,0,0,0,0,0,0,0,0,0,0,0,0,0,0,0,0,0,0,0,0,0,0,0,0,0,0,0,0,0,0,0,0,0,0,0,0,0,0,0,0,0,0,0,0,0,0,0,0,0,0,0,0,0,0,0,0,0,0,0,0,0,0,0,0,0,0,0,0,0,0,0,0,0,0,0,0,0,0,0,0,0,0,0,0,0,0,0,0,0,0,0,0,0,0,0,0,0,0,0,0,0,0,0,0,0,0,0,0,0,0,0,0,0,0,0,0,0,0,0,0,0,0,0,0,0,0,0,0,0,0,0,0,0,0,0,0,0,0,0,0,0,0,0,0,0,0,0,0,0,0,0,0,0,0,0,0,0,0,0,0,0,0,0,0,0,0,0,0,0,0,0,0,0,0,0,0,0,0,64,146,229,255,205,120,0,0,0,0,0,0,0,0,0,0,0,0,0,0,0,0,0,0,0,0,24,198,252,253,225,216,235,252,89,0,0,0,0,0,0,0,0,0,0,0,0,0,0,0,0,0,0,20,205,253,223,70,15,0,29,206,174,2,87,38,1,0,0,0,0,0,0,0,0,0,0,0,0,0,0,137,253,227,6,0,0,0,0,35,28,76,253,253,9,0,0,0,0,0,0,0,0,0,0,0,0,0,88,251,235,12,0,0,0,0,0,0,42,238,253,174,1,0,0,0,0,0,0,0,0,0,0,0,0,0,134,253,192,0,0,0,0,0,0,0,14,238,253,161,0,0,0,0,0,0,0,0,0,0,0,0,0,0,169,253,74,0,0,0,0,0,0,0,85,247,253,75,0,0,0,0,0,0,0,0,0,0,0,0,0,10,250,253,47,0,0,0,0,0,0,6,219,253,241,31,0,0,0,0,0,0,0,0,0,0,0,0,0,10,253,253,47,0,0,0,0,0,5,72,253,253,143,0,0,0,0,0,0,0,0,0,0,0,0,0,0,6,221,253,117,0,0,0,0,25,118,253,253,253,47,0,0,0,0,0,0,0,0,0,0,0,0,0,0,0,28,242,254,187,104,146,159,220,244,239,254,224,18,0,0,0,0,0,0,0,0,0,0,0,0,0,0,0,0,78,201,253,253,248,215,156,67,247,253,157,0,0,0,0,0,0,0,0,0,0,0,0,0,0,0,0,0,0,5,56,56,50,0,0,38,253,253,74,0,0,0,0,0,0,0,0,0,0,0,0,0,0,0,0,0,0,0,0,0,0,0,0,66,253,253,18,0,0,0,0,0,0,0,0,0,0,0,0,0,0,0,0,0,0,0,0,0,0,0,0,149,253,253,18,0,0,0,0,0,0,0,0,0,0,0,0,0,0,0,0,0,0,0,0,0,0,0,30,238,253,191,4,0,0,0,0,0,0,0,0,0,0,0,0,0,0,0,0,0,0,0,0,0,0,0,66,253,253,112,0,0,0,0,0,0,0,0,0,0,0,0,0,0,0,0,0,0,0,0,0,0,0,0,87,253,244,3,0,0,0,0,0,0,0,0,0,0,0,0,0,0,0,0,0,0,0,0,0,0,0,0,170,253,198,0,0,0,0,0,0,0,0,0,0,0,0,0,0,0,0,0,0,0,0,0,0,0,0,0,254,253,149,0,0,0,0,0,0,0,0,0,0,0,0,0,0,0,0,0,0,0,0,0,0,0,0,0,0,0,0,0,0,0,0,0,0,0,0,0,0,0,0,0,0,0,0,0,0,0,0,0,0,0,0,0,0,0,0,0,0,0,0,0,0,0,0,0,0,0
file18,7,0,0,0,0,0,0,0,0,0,0,0,0,0,0,0,0,0,0,0,0,0,0,0,0,0,0,0,0,0,0,0,0,0,0,0,0,0,0,0,0,0,0,0,0,0,0,0,0,0,0,0,0,0,0,0,0,0,0,0,0,0,0,0,0,0,0,0,0,0,0,0,0,0,0,0,0,0,0,0,0,0,0,0,0,0,0,0,0,0,0,0,0,0,0,0,0,0,0,0,0,0,0,0,0,0,0,0,0,0,0,0,0,0,0,0,0,0,0,0,0,0,0,0,0,0,0,0,0,0,0,0,0,0,0,0,0,0,0,0,0,0,0,0,0,0,0,0,0,0,0,0,0,0,0,0,0,0,0,0,0,0,0,0,0,0,0,0,0,0,0,0,0,0,0,0,0,0,0,0,0,0,0,0,0,0,0,0,0,0,0,0,0,0,0,0,0,0,0,0,0,74,249,254,254,254,245,167,167,136,25,80,60,0,0,0,0,0,0,0,0,0,0,0,0,0,0,0,0,104,254,254,254,254,254,254,254,254,249,254,252,197,113,71,39,0,0,0,0,0,0,0,0,0,0,0,0,5,99,135,105,105,114,192,192,192,233,254,254,254,254,254,246,129,0,0,0,0,0,0,0,0,0,0,0,0,0,0,0,0,0,0,0,0,45,114,114,203,254,254,254,240,15,0,0,0,0,0,0,0,0,0,0,0,0,0,0,0,0,0,0,0,0,0,0,8,35,155,254,254,130,0,0,0,0,0,0,0,0,0,0,0,0,0,0,0,0,0,0,0,0,0,0,0,0,36,254,241,34,0,0,0,0,0,0,0,0,0,0,0,0,0,0,0,0,0,0,0,0,0,0,0,0,115,254,254,118,0,0,0,0,0,0,0,0,0,0,0,0,0,0,0,0,0,0,0,0,0,0,0,34,243,254,240,17,0,0,0,0,0,0,0,0,0,0,0,0,0,0,0,0,0,0,0,0,0,0,0,111,254,254,139,0,0,0,0,0,0,0,0,0,0,0,0,0,0,0,0,0,0,0,0,0,0,0,37,243,254,244,40,0,0,0,0,0,0,0,0,0,0,0,0,0,0,0,0,0,0,0,0,0,0,20,176,254,254,113,0,0,0,0,0,0,0,0,0,0,0,0,0,0,0,0,0,0,0,0,0,0,0,140,254,254,220,2,0,0,0,0,0,0,0,0,0,0,0,0,0,0,0,0,0,0,0,0,0,0,88,253,254,243,45,0,0,0,0,0,0,0,0,0,0,0,0,0,0,0,0,0,0,0,0,0,0,63,241,254,254,83,0,0,0,0,0,0,0,0,0,0,0,0,0,0,0,0,0,0,0,0,0,0,16,243,254,254,147,5,0,0,0,0,0,0,0,0,0,0,0,0,0,0,0,0,0,0,0,0,0,2,111,254,254,203,5,0,0,0,0,0,0,0,0,0,0,0,0,0,0,0,0,0,0,0,0,0,0,58,254,254,254,84,0,0,0,0,0,0,0,0,0,0,0,0,0,0,0,0,0,0,0,0,0,0,14,237,254,255,194,4,0,0,0,0,0,0,0,0,0,0,0,0,0,0,0,0,0,0,0,0,0,0,82,254,254,194,27,0,0,0,0,0,0,0,0,0,0,0,0,0,0,0,0,0,0,0,0,0,0,0,39,230,193,28,0,0,0,0,0,0,0,0,0,0,0,0,0,0,0,0,0,0,0,0,0,0,0,0,0,0,0,0,0,0,0,0,0,0,0,0,0,0,0,0,0,0
file19,3,0,0,0,0,0,0,0,0,0,0,0,0,0,0,0,0,0,0,0,0,0,0,0,0,0,0,0,0,0,0,0,0,0,0,0,0,0,0,0,0,0,0,0,0,0,0,0,0,0,0,0,0,0,0,0,0,0,0,0,0,0,0,0,0,0,0,0,0,0,0,0,0,0,0,0,0,0,0,0,0,0,0,0,0,0,0,0,0,0,0,0,0,0,0,0,0,0,0,0,0,0,0,0,0,0,0,0,0,0,0,0,0,0,0,0,0,0,0,12,41,146,146,48,0,0,0,0,0,0,0,0,0,0,0,0,0,0,0,0,0,0,0,0,0,0,12,129,253,253,253,250,163,18,0,0,0,0,0,0,0,0,0,0,0,0,0,0,0,0,0,0,0,0,133,253,253,253,253,253,253,229,70,0,0,0,0,0,0,0,0,0,0,0,0,0,0,0,0,0,0,0,101,253,252,145,102,107,237,253,247,128,10,0,0,0,0,0,0,0,0,0,0,0,0,0,0,0,0,0,181,253,167,0,0,0,61,235,253,253,163,5,0,0,0,0,0,0,0,0,0,0,0,0,0,0,0,0,255,253,43,0,0,0,0,58,193,253,253,164,4,0,0,0,0,0,0,0,0,0,0,0,0,0,0,0,187,253,32,0,0,0,0,0,55,236,253,253,86,0,0,0,0,0,0,0,0,0,0,0,0,0,0,0,146,253,32,0,100,190,87,87,87,147,253,253,123,0,0,0,0,0,0,0,0,0,0,0,0,0,0,0,94,253,78,40,248,253,253,253,253,253,253,253,223,84,15,0,0,0,0,0,0,0,0,0,0,0,0,0,14,92,12,35,240,253,253,253,253,253,253,253,253,253,244,89,10,0,0,0,0,0,0,0,0,0,0,0,0,0,0,0,75,161,179,253,253,253,253,253,253,253,253,253,209,43,0,0,0,0,0,0,0,0,0,0,0,0,0,0,0,0,3,16,16,39,38,16,16,145,243,253,253,185,48,0,0,0,0,0,0,0,0,0,0,0,0,0,20,58,0,0,0,0,0,0,0,0,58,209,253,253,183,0,0,0,0,0,0,0,0,0,0,0,0,77,221,247,79,0,0,0,0,0,0,0,0,13,219,253,240,72,0,0,0,0,0,0,0,0,0,0,0,90,247,253,252,57,0,0,0,0,0,0,0,0,53,251,253,191,0,0,0,0,0,0,0,0,0,0,0,0,116,253,253,59,0,0,0,0,0,0,0,0,99,252,253,145,0,0,0,0,0,0,0,0,0,0,0,0,14,188,253,221,158,38,0,0,0,0,111,211,246,253,253,145,0,0,0,0,0,0,0,0,0,0,0,0,0,12,221,246,253,251,249,249,249,249,253,253,253,253,200,19,0,0,0,0,0,0,0,0,0,0,0,0,0,0,0,95,183,228,253,253,253,253,253,253,195,124,23,0,0,0,0,0,0,0,0,0,0,0,0,0,0,0,0,0,0,24,37,138,74,126,88,37,7,0,0,0,0,0,0,0,0,0,0,0,0,0,0,0,0,0,0,0,0,0,0,0,0,0,0,0,0,0,0,0,0,0,0,0,0,0,0,0,0,0,0,0,0,0,0,0,0,0,0,0,0,0,0,0,0,0,0,0,0,0,0,0,0,0,0,0,0,0,0,0,0,0,0,0,0,0,0,0,0,0,0,0,0,0,0,0,0,0,0,0,0,0,0,0,0,0,0,0,0,0,0,0,0,0,0,0,0,0,0,0,0,0,0,0,0,0,0
file20,4,0,0,0,0,0,0,0,0,0,0,0,0,0,0,0,0,0,0,0,0,0,0,0,0,0,0,0,0,0,0,0,0,0,0,0,0,0,0,0,0,0,0,0,0,0,0,0,0,0,0,0,0,0,0,0,0,0,0,0,0,0,0,0,0,0,0,0,0,0,0,0,0,0,0,0,0,0,0,0,0,0,0,0,0,0,0,0,0,0,0,0,0,0,0,0,0,0,0,0,0,0,0,0,0,0,0,0,0,0,0,0,0,0,0,0,0,0,0,0,0,0,0,0,0,0,0,0,0,0,0,0,0,0,0,0,0,0,0,0,0,0,0,0,0,0,0,0,0,0,0,0,0,0,0,0,0,0,0,168,91,0,0,0,0,0,0,0,0,0,0,0,0,0,0,0,0,0,0,0,0,0,0,0,0,0,2,234,126,0,0,0,0,0,0,0,0,0,0,0,0,0,0,0,0,0,0,0,0,0,0,0,0,0,51,254,126,0,0,0,0,0,0,0,0,0,0,0,0,0,0,0,0,0,38,178,31,0,0,0,0,0,51,254,81,0,0,0,0,0,0,0,0,0,0,0,0,0,0,0,0,0,94,254,83,0,0,0,0,0,87,254,54,0,0,0,0,0,0,0,0,0,0,0,0,0,0,0,0,0,160,254,56,0,0,0,0,0,189,238,4,0,0,0,0,0,0,0,0,0,0,0,0,0,0,0,0,13,227,168,2,0,0,0,0,0,194,236,0,0,0,0,0,0,0,0,0,0,0,0,0,0,0,0,0,55,254,114,0,0,0,0,0,16,235,167,0,0,0,0,0,0,0,0,0,0,0,0,0,0,0,0,0,115,254,50,0,0,0,0,0,103,254,105,0,0,0,0,0,0,0,0,0,0,0,0,0,0,0,0,7,221,236,75,156,180,190,252,252,253,254,114,0,0,0,0,0,0,0,0,0,0,0,0,0,0,0,0,15,254,254,254,252,211,179,179,179,246,254,247,94,0,0,0,0,0,0,0,0,0,0,0,0,0,0,0,8,217,239,117,22,0,0,0,0,226,254,242,197,0,0,0,0,0,0,0,0,0,0,0,0,0,0,0,0,14,18,0,0,0,0,0,27,243,207,46,37,0,0,0,0,0,0,0,0,0,0,0,0,0,0,0,0,0,0,0,0,0,0,0,99,254,132,0,0,0,0,0,0,0,0,0,0,0,0,0,0,0,0,0,0,0,0,0,0,0,0,0,116,254,67,0,0,0,0,0,0,0,0,0,0,0,0,0,0,0,0,0,0,0,0,0,0,0,0,0,116,254,61,0,0,0,0,0,0,0,0,0,0,0,0,0,0,0,0,0,0,0,0,0,0,0,0,0,116,254,61,0,0,0,0,0,0,0,0,0,0,0,0,0,0,0,0,0,0,0,0,0,0,0,0,0,174,255,100,0,0,0,0,0,0,0,0,0,0,0,0,0,0,0,0,0,0,0,0,0,0,0,0,0,187,254,83,0,0,0,0,0,0,0,0,0,0,0,0,0,0,0,0,0,0,0,0,0,0,0,0,0,115,176,10,0,0,0,0,0,0,0,0,0,0,0,0,0,0,0,0,0,0,0,0,0,0,0,0,0,0,0,0,0,0,0,0,0,0,0,0,0,0,0,0,0,0,0,0,0,0,0,0,0,0,0,0,0,0,0,0,0,0,0,0,0,0,0,0,0,0,0,0,0,0,0,0,0,0,0,0,0,0,0,0,0,0,0,0,0,0,0,0,0,0,0,0,0,0
file21,9,0,0,0,0,0,0,0,0,0,0,0,0,0,0,0,0,0,0,0,0,0,0,0,0,0,0,0,0,0,0,0,0,0,0,0,0,0,0,0,0,0,0,0,0,0,0,0,0,0,0,0,0,0,0,0,0,0,0,0,0,0,0,0,0,0,0,0,0,0,0,0,0,0,0,0,0,0,0,0,0,0,0,0,0,0,0,0,0,0,0,0,0,0,0,0,0,0,0,0,0,0,0,0,0,0,0,0,0,0,0,0,0,0,0,0,0,0,0,0,0,0,0,0,0,0,0,0,0,0,0,0,0,0,0,0,0,0,0,0,0,0,0,0,0,0,0,0,0,0,0,0,0,0,0,0,0,0,0,0,0,0,0,0,0,0,0,0,0,0,0,0,0,0,0,0,0,0,0,0,0,0,0,0,31,140,193,44,0,0,0,0,0,0,0,0,0,0,0,0,0,0,0,0,0,0,0,0,0,0,38,146,240,254,254,228,48,77,46,0,0,0,0,0,0,0,0,0,0,0,0,0,0,0,0,0,2,43,230,254,254,254,254,254,241,254,197,2,0,0,0,0,0,0,0,0,0,0,0,0,0,0,0,21,130,254,254,254,239,252,254,254,254,254,237,4,0,0,0,0,0,0,0,0,0,0,0,0,0,0,0,154,254,254,249,104,71,198,254,254,254,234,57,0,0,0,0,0,0,0,0,0,0,0,0,0,0,2,173,252,252,206,51,120,215,254,254,254,254,184,0,0,0,0,0,0,0,0,0,0,0,0,0,0,0,112,254,254,215,87,247,254,254,254,254,254,217,31,0,0,0,0,0,0,0,0,0,0,0,0,0,0,5,231,254,254,254,254,254,236,128,196,254,254,119,0,0,0,0,0,0,0,0,0,0,0,0,0,0,0,3,197,254,254,245,238,131,17,46,247,254,199,14,0,0,0,0,0,0,0,0,0,0,0,0,0,0,0,0,16,92,88,40,0,0,12,173,254,242,38,0,0,0,0,0,0,0,0,0,0,0,0,0,0,0,0,0,0,0,0,0,0,0,95,254,254,155,0,0,0,0,0,0,0,0,0,0,0,0,0,0,0,0,0,0,0,0,0,0,0,18,210,254,225,6,0,0,0,0,0,0,0,0,0,0,0,0,0,0,0,0,0,0,0,0,0,0,0,197,254,254,99,0,0,0,0,0,0,0,0,0,0,0,0,0,0,0,0,0,0,0,0,0,0,0,34,242,254,179,3,0,0,0,0,0,0,0,0,0,0,0,0,0,0,0,0,0,0,0,0,0,0,27,223,254,225,30,0,0,0,0,0,0,0,0,0,0,0,0,0,0,0,0,0,0,0,0,0,0,0,77,254,255,127,0,0,0,0,0,0,0,0,0,0,0,0,0,0,0,0,0,0,0,0,0,0,0,54,238,254,248,53,0,0,0,0,0,0,0,0,0,0,0,0,0,0,0,0,0,0,0,0,0,0,11,183,254,254,231,41,0,0,0,0,0,0,0,0,0,0,0,0,0,0,0,0,0,0,0,0,0,0,113,254,254,230,48,0,0,0,0,0,0,0,0,0,0,0,0,0,0,0,0,0,0,0,0,0,0,0,110,239,126,25,0,0,0,0,0,0,0,0,0,0,0,0,0,0,0,0,0,0,0,0,0,0,0,0,0,0,0,0,0,0,0,0,0,0,0,0,0,0,0,0,0,0,0,0,0,0,0,0,0,0,0,0,0,0,0,0,0,0,0,0,0,0,0,0,0,0,0,0,0,0,0
file22,6,0,0,0,0,0,0,0,0,0,0,0,0,0,0,0,0,0,0,0,0,0,0,0,0,0,0,0,0,0,0,0,0,0,0,0,0,0,0,0,0,0,0,0,0,0,0,0,0,0,0,0,0,0,0,0,0,0,0,0,0,0,0,0,0,0,0,0,0,0,0,0,0,0,0,0,0,0,0,0,0,0,0,0,0,0,0,0,0,0,0,0,0,0,0,0,0,49,180,253,244,50,0,0,0,0,0,0,0,0,0,0,0,0,0,0,0,0,0,0,0,0,0,0,0,184,252,252,232,164,0,0,0,0,0,0,0,0,0,0,0,0,0,0,0,0,0,0,0,0,0,0,66,234,252,136,38,56,0,0,0,0,0,0,0,0,0,0,0,0,0,0,0,0,0,0,0,0,0,19,236,252,176,4,0,0,0,0,0,0,0,0,0,0,0,0,0,0,0,0,0,0,0,0,0,0,0,76,252,252,56,0,0,0,0,0,0,0,0,0,0,0,0,0,0,0,0,0,0,0,0,0,0,0,0,139,253,173,0,0,0,0,0,0,0,0,0,0,0,0,0,0,0,0,0,0,0,0,0,0,0,0,22,212,252,69,0,0,0,0,0,0,0,0,0,0,0,0,0,0,0,0,0,0,0,0,0,0,0,0,116,253,240,50,0,0,0,0,0,0,0,0,0,0,0,0,0,0,0,0,0,0,0,0,0,0,0,0,157,253,206,0,0,0,0,0,0,0,0,0,0,0,0,0,0,0,0,0,0,0,0,0,0,0,0,0,230,253,102,0,0,0,0,0,0,0,0,0,0,0,0,0,0,0,0,0,0,0,0,0,0,0,0,0,231,255,180,138,180,253,255,253,222,97,3,0,0,0,0,0,0,0,0,0,0,0,0,0,0,0,0,0,230,253,252,252,252,252,211,252,252,252,117,0,0,0,0,0,0,0,0,0,0,0,0,0,0,0,0,0,230,253,240,183,89,69,7,69,171,252,252,85,0,0,0,0,0,0,0,0,0,0,0,0,0,0,0,0,135,253,153,0,0,0,0,0,13,215,252,116,0,0,0,0,0,0,0,0,0,0,0,0,0,0,0,0,116,253,206,0,0,0,0,0,0,155,252,116,0,0,0,0,0,0,0,0,0,0,0,0,0,0,0,0,106,255,211,7,0,0,0,0,49,233,253,116,0,0,0,0,0,0,0,0,0,0,0,0,0,0,0,0,0,159,252,154,9,0,0,30,197,252,252,95,0,0,0,0,0,0,0,0,0,0,0,0,0,0,0,0,0,17,227,252,154,70,81,228,252,227,130,0,0,0,0,0,0,0,0,0,0,0,0,0,0,0,0,0,0,0,50,227,252,252,253,252,185,50,0,0,0,0,0,0,0,0,0,0,0,0,0,0,0,0,0,0,0,0,0,48,179,252,190,117,6,0,0,0,0,0,0,0,0,0,0,0,0,0,0,0,0,0,0,0,0,0,0,0,0,0,0,0,0,0,0,0,0,0,0,0,0,0,0,0,0,0,0,0,0,0,0,0,0,0,0,0,0,0,0,0,0,0,0,0,0,0,0,0,0,0,0,0,0,0,0,0,0,0,0,0,0,0,0,0,0,0,0,0,0,0,0,0,0,0,0,0,0,0,0,0,0,0,0,0,0,0,0,0,0,0,0,0,0,0,0,0,0,0,0,0,0,0,0,0,0,0,0,0,0,0,0,0,0,0,0,0,0,0,0,0,0,0,0,0,0,0,0,0,0,0,0,0,0,0,0
file23,6,0,0,0,0,0,0,0,0,0,0,0,0,0,0,0,0,0,0,0,0,0,0,0,0,0,0,0,0,0,0,0,0,0,0,0,0,0,0,0,0,0,0,0,0,0,0,0,0,0,0,0,0,0,0,0,0,0,0,0,0,0,0,0,0,0,0,0,0,0,0,0,0,0,0,0,0,0,0,0,0,0,0,0,0,0,0,0,0,0,0,0,0,0,114,255,57,0,0,0,0,0,0,0,0,0,0,0,0,0,0,0,0,0,0,0,0,0,0,0,0,0,226,255,57,0,0,0,0,0,0,0,0,0,0,0,0,0,0,0,0,0,0,0,0,0,0,0,0,29,255,114,0,0,0,0,0,0,0,0,0,0,0,0,0,0,0,0,0,0,0,0,0,0,0,0,0,114,255,86,0,0,0,0,0,0,0,0,0,0,0,0,0,0,0,0,0,0,0,0,0,0,0,0,0,198,255,29,0,0,0,0,0,0,0,0,0,0,0,0,0,0,0,0,0,0,0,0,0,0,0,0,29,255,226,0,0,0,0,0,0,0,0,0,0,0,0,0,0,0,0,0,0,0,0,0,0,0,0,0,141,255,141,0,0,0,0,0,0,57,86,86,141,57,0,0,0,0,0,0,0,0,0,0,0,0,0,0,170,255,86,0,0,0,0,0,57,226,255,255,255,255,57,0,0,0,0,0,0,0,0,0,0,0,0,0,170,255,86,0,0,0,0,0,170,255,255,114,57,226,198,0,0,0,0,0,0,0,0,0,0,0,0,0,170,255,86,0,0,0,0,57,255,255,86,0,0,170,255,0,0,0,0,0,0,0,0,0,0,0,0,0,170,255,86,0,0,0,0,170,255,86,0,0,0,170,255,86,0,0,0,0,0,0,0,0,0,0,0,0,141,255,114,0,0,0,29,255,198,0,0,0,0,170,255,86,0,0,0,0,0,0,0,0,0,0,0,0,29,255,255,0,0,0,170,255,114,0,0,0,0,198,226,0,0,0,0,0,0,0,0,0,0,0,0,0,0,198,255,114,0,0,170,255,86,0,0,0,86,255,114,0,0,0,0,0,0,0,0,0,0,0,0,0,0,86,255,255,170,57,255,255,29,0,0,86,226,226,29,0,0,0,0,0,0,0,0,0,0,0,0,0,0,0,114,226,255,255,255,255,86,86,170,255,255,57,0,0,0,0,0,0,0,0,0,0,0,0,0,0,0,0,0,29,141,255,255,255,255,255,255,198,29,0,0,0,0,0,0,0,0,0,0,0,0,0,0,0,0,0,0,0,0,0,226,255,255,141,86,0,0,0,0,0,0,0,0,0,0,0,0,0,0,0,0,0,0,0,0,0,0,0,141,255,255,170,170,57,0,0,0,0,0,0,0,0,0,0,0,0,0,0,0,0,0,0,0,0,0,0,0,141,226,170,114,29,0,0,0,0,0,0,0,0,0,0,0,0,0,0,0,0,0,0,0,0,0,0,0,0,0,0,0,0,0,0,0,0,0,0,0,0,0,0,0,0,0,0,0,0,0,0,0,0,0,0,0,0,0,0,0,0,0,0,0,0,0,0,0,0,0,0,0,0,0,0,0,0,0,0,0,0,0,0,0,0,0,0,0,0,0,0,0,0,0,0,0,0,0,0,0,0,0,0,0,0,0,0,0,0,0,0,0,0,0,0,0,0,0,0,0,0,0,0,0,0,0,0,0,0,0,0,0,0,0,0,0,0,0,0,0,0,0,0,0,0,0,0,0,0,0,0,0,0,0
file24,5,0,0,0,0,0,0,0,0,0,0,0,0,0,0,0,0,0,0,0,0,0,0,0,0,0,0,0,0,0,0,0,0,0,0,0,0,0,0,0,0,0,0,0,0,0,0,0,0,0,0,0,0,0,0,0,0,0,0,0,0,0,0,0,0,0,0,0,0,0,0,0,0,0,0,0,0,0,0,0,0,0,0,0,0,0,0,0,0,0,0,0,0,0,0,0,0,0,0,0,0,0,0,0,0,0,0,0,0,0,0,0,0,0,0,0,0,0,0,0,0,0,0,0,0,0,0,0,0,0,0,0,0,0,0,0,0,0,0,0,0,0,0,0,0,0,0,0,0,0,0,0,0,0,0,0,0,69,152,237,254,254,255,254,252,52,0,0,0,0,0,0,0,0,0,0,0,0,0,0,0,0,87,164,237,253,254,218,138,83,39,154,254,135,0,0,0,0,0,0,0,0,0,0,0,0,0,0,138,246,253,254,216,167,54,5,0,0,0,100,191,3,0,0,0,0,0,0,0,0,0,0,0,0,0,0,233,254,169,53,6,0,0,0,0,0,0,35,8,0,0,0,0,0,0,0,0,0,0,0,0,0,0,0,174,254,94,0,0,0,0,0,0,0,0,0,0,0,0,0,0,0,0,0,0,0,0,0,0,0,0,38,245,221,13,0,0,0,0,0,0,0,0,0,0,0,0,0,0,0,0,0,0,0,0,0,0,0,0,142,254,149,0,0,0,0,0,0,0,0,0,0,0,0,0,0,0,0,0,0,0,0,0,0,0,0,0,151,254,112,0,0,0,0,0,0,0,0,0,0,0,0,0,0,0,0,0,0,0,0,0,0,0,0,0,226,242,32,0,0,0,0,0,0,0,0,0,0,0,0,0,0,0,0,0,0,0,0,0,0,0,0,12,240,203,44,44,44,44,8,0,0,0,0,0,0,0,0,0,0,0,0,0,0,0,0,0,0,0,0,70,254,254,254,254,254,254,205,85,8,0,0,0,0,0,0,0,0,0,0,0,0,0,0,0,0,0,0,37,184,169,133,133,162,212,254,254,166,8,0,0,0,0,0,0,0,0,0,0,0,0,0,0,0,0,0,0,0,0,0,0,0,9,51,177,254,125,0,0,0,0,0,0,0,0,0,0,0,0,0,0,0,0,0,0,0,0,0,0,0,0,27,209,254,104,0,0,0,0,0,0,0,0,0,0,0,0,0,0,0,0,0,0,0,0,0,0,0,63,209,254,194,13,0,0,0,0,0,0,0,0,0,0,0,0,0,0,0,0,0,0,0,6,0,10,137,244,254,198,52,0,0,0,0,0,0,0,0,0,0,0,0,0,0,0,0,0,0,13,87,122,147,223,254,247,127,13,0,0,0,0,0,0,0,0,0,0,0,0,0,0,0,0,0,3,118,250,210,248,254,252,199,49,0,0,0,0,0,0,0,0,0,0,0,0,0,0,0,0,0,0,0,138,254,254,254,250,201,72,0,0,0,0,0,0,0,0,0,0,0,0,0,0,0,0,0,0,0,0,0,79,167,197,87,7,0,0,0,0,0,0,0,0,0,0,0,0,0,0,0,0,0,0,0,0,0,0,0,0,0,0,0,0,0,0,0,0,0,0,0,0,0,0,0,0,0,0,0,0,0,0,0,0,0,0,0,0,0,0,0,0,0,0,0,0,0,0,0,0,0,0,0,0,0,0,0,0,0,0,0,0,0,0,0,0,0,0,0,0,0,0,0,0,0,0,0,0,0,0,0,0,0,0,0,0
file25,4,0,0,0,0,0,0,0,0,0,0,0,0,0,0,0,0,0,0,0,0,0,0,0,0,0,0,0,0,0,0,0,0,0,0,0,0,0,0,0,0,0,0,0,0,0,0,0,0,0,0,0,0,0,0,0,0,0,0,0,0,0,0,0,0,0,0,0,0,0,0,0,0,0,0,0,0,0,0,0,0,0,0,0,0,0,0,0,0,0,0,0,0,0,0,0,0,0,0,0,0,0,0,0,0,0,0,0,0,0,0,0,0,0,0,0,0,0,0,0,0,0,0,0,0,0,0,0,0,0,0,0,0,0,0,0,0,0,0,0,0,0,0,0,0,0,0,0,0,0,0,0,197,60,0,0,0,0,0,0,0,0,0,0,0,0,0,0,0,0,0,0,0,0,0,0,0,0,0,50,243,42,0,0,0,0,0,0,0,0,0,0,0,0,0,0,0,0,0,0,0,0,0,0,0,0,2,186,236,21,0,0,0,134,83,0,0,0,0,0,0,0,0,0,0,0,0,0,0,0,0,0,0,0,88,213,26,0,0,0,0,129,170,0,0,0,0,0,0,0,0,0,0,0,0,0,0,0,0,0,0,0,128,120,0,0,0,0,0,91,209,0,0,0,0,0,0,0,0,0,0,0,0,0,0,0,0,0,0,32,234,112,0,0,0,0,0,91,242,30,0,0,0,0,0,0,0,0,0,0,0,0,0,0,0,0,0,116,222,21,0,0,0,0,0,170,244,58,0,0,0,0,0,0,0,0,0,0,0,0,0,0,0,0,30,240,124,0,0,0,0,0,40,249,138,0,0,0,0,0,0,0,0,0,0,0,0,0,0,0,0,3,127,241,18,0,0,0,0,0,15,230,134,0,0,0,0,0,0,0,0,0,0,0,0,0,0,0,0,16,254,179,0,0,0,0,0,0,0,165,134,0,0,0,0,0,0,0,0,0,0,0,0,0,0,0,0,9,191,233,136,101,20,0,0,0,0,113,215,31,31,31,2,0,0,0,0,0,0,0,0,0,0,0,0,0,8,89,128,194,218,210,210,211,210,226,254,254,204,120,7,0,0,0,0,0,0,0,0,0,0,0,0,0,0,0,0,0,10,15,37,90,90,196,241,34,5,0,0,0,0,0,0,0,0,0,0,0,0,0,0,0,0,0,0,0,0,0,0,0,0,165,233,16,0,0,0,0,0,0,0,0,0,0,0,0,0,0,0,0,0,0,0,0,0,0,0,0,0,165,143,0,0,0,0,0,0,0,0,0,0,0,0,0,0,0,0,0,0,0,0,0,0,0,0,0,0,91,188,0,0,0,0,0,0,0,0,0,0,0,0,0,0,0,0,0,0,0,0,0,0,0,0,0,0,91,233,34,0,0,0,0,0,0,0,0,0,0,0,0,0,0,0,0,0,0,0,0,0,0,0,0,0,20,254,61,0,0,0,0,0,0,0,0,0,0,0,0,0,0,0,0,0,0,0,0,0,0,0,0,0,4,209,219,0,0,0,0,0,0,0,0,0,0,0,0,0,0,0,0,0,0,0,0,0,0,0,0,0,0,107,166,0,0,0,0,0,0,0,0,0,0,0,0,0,0,0,0,0,0,0,0,0,0,0,0,0,0,0,0,0,0,0,0,0,0,0,0,0,0,0,0,0,0,0,0,0,0,0,0,0,0,0,0,0,0,0,0,0,0,0,0,0,0,0,0,0,0,0,0,0,0,0,0,0,0,0,0,0,0,0,0,0,0,0,0,0,0,0,0,0,0,0,0,0
file26,0,0,0,0,0,0,0,0,0,0,0,0,0,0,0,0,0,0,0,0,0,0,0,0,0,0,0,0,0,0,0,0,0,0,0,0,0,0,0,0,0,0,0,0,0,0,0,0,0,0,0,0,0,0,0,0,0,0,0,0,0,0,0,0,0,0,0,0,0,0,0,0,0,0,0,0,0,0,0,0,0,0,0,0,0,0,0,0,0,0,0,0,0,0,0,0,0,0,0,0,0,0,0,0,0,0,0,0,0,0,0,0,0,0,0,0,0,0,0,0,0,0,0,0,0,0,3,80,195,85,80,80,80,14,0,0,0,0,0,0,0,0,0,0,0,0,0,0,0,0,0,0,0,0,9,253,253,253,253,253,253,152,0,0,0,0,0,0,0,0,0,0,0,0,0,0,0,0,11,62,56,0,9,253,253,253,253,253,253,251,237,57,0,0,0,0,0,0,0,0,0,0,0,0,0,0,141,253,241,83,4,161,253,253,253,253,253,253,253,60,0,0,0,0,0,0,0,0,0,0,0,0,11,141,248,253,253,147,0,73,209,252,253,253,253,253,253,212,0,0,0,0,0,0,0,0,0,0,0,0,147,253,253,253,253,199,34,0,0,160,253,142,194,253,253,244,77,0,0,0,0,0,0,0,0,0,9,136,250,253,253,253,253,253,69,0,0,15,52,5,27,201,253,253,156,0,0,0,0,0,0,0,0,0,80,253,253,253,253,253,253,209,41,0,0,0,0,0,0,36,253,253,196,33,0,0,0,0,0,0,0,0,86,253,253,253,253,253,234,41,0,0,0,0,0,0,0,42,253,253,253,78,0,0,0,0,0,0,0,0,254,253,253,253,253,253,165,0,0,0,0,0,0,0,0,211,253,253,253,78,0,0,0,0,0,0,0,0,254,253,253,253,253,172,18,0,0,0,0,0,0,0,0,211,253,253,253,78,0,0,0,0,0,0,0,0,254,253,253,253,210,4,0,0,0,0,0,0,42,229,246,252,253,253,159,3,0,0,0,0,0,0,0,0,254,253,253,253,209,0,0,0,0,0,99,149,210,253,253,253,253,242,65,0,0,0,0,0,0,0,0,0,255,253,253,253,218,53,53,53,180,228,244,253,253,253,253,253,253,77,0,0,0,0,0,0,0,0,0,0,163,253,253,253,253,253,253,253,253,253,253,253,253,253,253,253,193,29,0,0,0,0,0,0,0,0,0,0,80,253,253,253,253,253,253,253,253,253,253,253,253,253,234,193,24,0,0,0,0,0,0,0,0,0,0,0,44,210,253,253,253,253,253,253,253,253,253,253,253,229,67,0,0,0,0,0,0,0,0,0,0,0,0,0,0,38,228,253,253,253,253,253,253,253,253,248,235,65,0,0,0,0,0,0,0,0,0,0,0,0,0,0,0,0,39,210,253,253,253,253,253,253,189,114,0,0,0,0,0,0,0,0,0,0,0,0,0,0,0,0,0,0,0,43,108,253,253,179,78,78,27,0,0,0,0,0,0,0,0,0,0,0,0,0,0,0,0,0,0,0,0,0,0,0,0,0,0,0,0,0,0,0,0,0,0,0,0,0,0,0,0,0,0,0,0,0,0,0,0,0,0,0,0,0,0,0,0,0,0,0,0,0,0,0,0,0,0,0,0,0,0,0,0,0,0,0,0,0,0,0,0,0,0,0,0,0,0,0,0,0,0,0,0,0,0,0,0,0,0,0,0,0,0,0,0,0,0,0,0,0,0,0,0,0,0,0,0,0,0,0,0,0,0,0,0
file27,7,0,0,0,0,0,0,0,0,0,0,0,0,0,0,0,0,0,0,0,0,0,0,0,0,0,0,0,0,0,0,0,0,0,0,0,0,0,0,0,0,0,0,0,0,0,0,0,0,0,0,0,0,0,0,0,0,0,0,0,0,0,0,0,0,0,0,0,0,0,0,0,0,0,0,0,0,0,0,0,0,0,0,0,0,0,0,0,0,0,0,0,0,0,0,0,0,0,0,0,0,0,0,0,0,0,0,0,0,0,0,0,0,0,0,0,0,0,0,0,0,0,0,0,0,0,0,0,0,0,0,0,0,0,0,0,0,0,0,0,0,0,0,0,0,0,0,0,0,0,0,0,0,0,0,0,0,0,0,0,0,0,0,0,0,0,0,0,0,0,0,0,0,0,0,0,0,0,0,0,0,0,0,0,0,0,0,0,0,0,0,0,0,0,0,0,0,0,0,0,0,0,0,0,0,0,0,0,0,0,0,0,0,0,0,0,0,0,0,0,0,0,0,0,0,0,0,0,0,0,0,21,0,0,0,11,92,173,253,254,253,254,253,62,0,0,0,0,0,0,0,0,0,0,0,0,0,0,0,142,0,21,102,213,252,233,151,131,131,253,252,142,0,0,0,0,0,0,0,0,0,0,0,0,0,0,163,152,152,214,233,183,102,0,0,0,0,132,253,255,50,0,0,0,0,0,0,0,0,0,0,0,0,82,243,253,252,131,30,0,0,0,0,0,0,10,212,253,131,0,0,0,0,0,0,0,0,0,0,0,0,123,203,102,20,0,0,0,0,0,0,0,0,0,203,255,151,0,0,0,0,0,0,0,0,0,0,0,0,0,0,0,0,0,0,0,0,0,0,0,0,0,162,253,151,0,0,0,0,0,0,0,0,0,0,0,0,0,0,0,0,0,0,0,0,0,0,0,0,0,102,254,151,0,0,0,0,0,0,0,0,0,0,0,0,0,0,0,0,0,0,0,0,0,0,0,0,0,102,253,151,0,0,0,0,0,0,0,0,0,0,0,0,0,0,0,0,0,0,0,0,0,0,0,0,0,163,254,91,0,0,0,0,0,0,0,0,0,0,0,0,0,0,0,0,0,0,0,0,0,0,0,0,0,203,253,50,0,0,0,0,0,0,0,0,0,0,0,0,0,0,0,0,0,0,0,0,0,0,0,0,0,203,203,0,0,0,0,0,0,0,0,0,0,0,0,0,0,0,0,0,0,0,0,0,0,0,0,0,21,223,122,0,0,0,0,0,0,0,0,0,0,0,0,0,0,0,0,0,0,0,0,0,0,0,0,0,72,253,102,0,0,0,0,0,0,0,0,0,0,0,0,0,0,0,0,0,0,0,0,0,0,0,0,0,233,252,102,0,0,0,0,0,0,0,0,0,0,0,0,0,0,0,0,0,0,0,0,0,0,0,0,0,254,233,0,0,0,0,0,0,0,0,0,0,0,0,0,0,0,0,0,0,0,0,0,0,0,0,0,41,253,151,0,0,0,0,0,0,0,0,0,0,0,0,0,0,0,0,0,0,0,0,0,0,0,0,0,123,254,50,0,0,0,0,0,0,0,0,0,0,0,0,0,0,0,0,0,0,0,0,0,0,0,0,21,223,233,30,0,0,0,0,0,0,0,0,0,0,0,0,0,0,0,0,0,0,0,0,0,0,0,0,51,253,183,0,0,0,0,0,0,0,0,0,0,0,0,0,0,0,0,0,0,0,0,0,0,0,0,0,51,252,20,0,0,0,0,0,0,0,0,0,0,0
file28,4,0,0,0,0,0,0,0,0,0,0,0,0,0,0,0,0,0,0,0,0,0,0,0,0,0,0,0,0,0,0,0,0,0,0,0,0,0,0,0,0,0,0,0,0,0,0,0,0,0,0,0,0,0,0,0,0,0,0,0,0,0,0,0,0,0,0,0,0,0,0,0,0,0,0,0,0,0,0,0,0,0,0,0,0,0,0,0,0,0,0,0,0,0,0,0,0,0,0,0,0,0,0,0,0,0,0,0,0,0,0,0,0,0,0,0,0,0,0,0,0,0,0,0,0,0,0,0,0,0,0,0,0,0,0,0,0,0,0,0,0,0,0,0,0,0,0,0,0,0,0,0,0,221,115,0,0,0,0,0,0,0,0,0,0,0,0,0,0,0,0,0,0,0,0,0,0,0,0,0,51,254,148,0,0,0,0,22,230,134,0,0,0,0,0,0,0,0,0,0,0,0,0,0,0,0,0,0,168,254,115,0,0,0,0,24,253,184,0,0,0,0,0,0,0,0,0,0,0,0,0,0,0,0,0,51,234,254,81,0,0,0,0,91,253,184,0,0,0,0,0,0,0,0,0,0,0,0,0,0,0,0,13,221,254,160,0,0,0,0,0,141,254,127,0,0,0,0,0,0,0,0,0,0,0,0,0,0,0,0,114,253,253,76,0,0,0,0,0,207,253,93,0,0,0,0,0,0,0,0,0,0,0,0,0,0,0,15,232,253,102,0,0,0,0,0,0,207,253,17,0,0,0,0,0,0,0,0,0,0,0,0,0,0,0,229,253,202,19,0,0,0,0,0,34,240,253,0,0,0,0,0,0,0,0,0,0,0,0,0,0,7,170,254,254,46,0,0,0,0,0,0,47,254,254,0,0,0,0,0,0,0,0,0,0,0,0,0,0,24,253,254,253,234,163,47,47,26,0,0,130,253,253,0,0,0,0,0,0,0,0,0,0,0,0,0,0,21,246,254,253,253,253,254,253,232,174,208,232,253,177,0,0,0,0,0,0,0,0,0,0,0,0,0,0,0,84,161,211,219,219,254,253,253,253,254,253,244,69,0,0,0,0,0,0,0,0,0,0,0,0,0,0,0,0,0,0,0,0,93,142,142,93,170,254,230,0,0,0,0,0,0,0,0,0,0,0,0,0,0,0,0,0,0,0,0,0,0,0,0,0,153,253,213,0,0,0,0,0,0,0,0,0,0,0,0,0,0,0,0,0,0,0,0,0,0,0,0,0,170,253,137,0,0,0,0,0,0,0,0,0,0,0,0,0,0,0,0,0,0,0,0,0,0,0,0,0,220,253,137,0,0,0,0,0,0,0,0,0,0,0,0,0,0,0,0,0,0,0,0,0,0,0,0,60,255,254,80,0,0,0,0,0,0,0,0,0,0,0,0,0,0,0,0,0,0,0,0,0,0,0,0,93,254,253,46,0,0,0,0,0,0,0,0,0,0,0,0,0,0,0,0,0,0,0,0,0,0,0,0,51,254,215,9,0,0,0,0,0,0,0,0,0,0,0,0,0,0,0,0,0,0,0,0,0,0,0,0,0,186,106,0,0,0,0,0,0,0,0,0,0,0,0,0,0,0,0,0,0,0,0,0,0,0,0,0,0,0,0,0,0,0,0,0,0,0,0,0,0,0,0,0,0,0,0,0,0,0,0,0,0,0,0,0,0,0,0,0,0,0,0,0,0,0,0,0,0,0,0,0,0,0,0,0,0,0,0,0,0,0,0,0,0,0,0,0,0,0,0,0,0,0,0,0,0
file29,0,0,0,0,0,0,0,0,0,0,0,0,0,0,0,0,0,0,0,0,0,0,0,0,0,0,0,0,0,0,0,0,0,0,0,0,0,0,0,0,0,0,0,0,0,0,0,0,0,0,0,0,0,0,0,0,0,0,0,0,0,0,0,0,0,0,0,0,0,0,0,0,0,0,0,0,0,0,0,0,0,0,0,0,0,0,0,0,0,0,0,0,0,0,0,0,0,0,0,0,0,0,0,0,0,0,0,0,0,0,0,0,0,0,0,0,0,0,0,0,0,0,0,0,0,0,0,0,0,0,0,0,0,0,0,0,0,0,0,0,0,0,0,0,0,0,0,0,0,0,32,255,254,255,254,254,254,157,130,88,1,0,0,0,0,0,0,0,0,0,0,0,0,0,0,0,0,0,32,253,253,253,253,253,253,253,253,253,108,2,0,0,0,0,0,0,0,0,0,0,0,0,0,0,0,0,14,129,238,253,253,253,253,253,253,253,253,30,0,0,0,0,0,0,0,0,0,0,0,0,0,0,0,0,0,0,56,253,248,167,235,253,253,253,253,104,0,0,0,0,0,0,0,0,0,0,0,0,0,0,0,0,0,5,178,253,182,0,27,134,247,253,253,215,15,0,0,0,0,0,0,0,0,0,0,0,0,0,0,0,5,130,253,222,27,0,0,0,186,253,253,253,24,0,0,0,0,0,0,0,0,0,0,0,0,0,0,0,32,253,253,122,0,0,0,0,67,246,253,253,106,0,0,0,0,0,0,0,0,0,0,0,0,0,0,0,117,253,199,25,0,0,0,0,0,187,253,253,148,0,0,0,0,0,0,0,0,0,0,0,0,0,0,46,225,245,67,0,0,0,0,0,0,88,253,253,148,0,0,0,0,0,0,0,0,0,0,0,0,0,0,149,253,185,0,0,0,0,0,0,0,88,253,253,148,0,0,0,0,0,0,0,0,0,0,0,0,0,15,228,253,93,0,0,0,0,0,0,0,88,253,253,148,0,0,0,0,0,0,0,0,0,0,0,0,0,19,253,253,93,0,0,0,0,0,0,0,88,253,253,148,0,0,0,0,0,0,0,0,0,0,0,0,0,19,253,253,93,0,0,0,0,0,0,0,88,253,253,109,0,0,0,0,0,0,0,0,0,0,0,0,0,19,253,253,134,0,0,0,0,0,0,0,88,253,219,16,0,0,0,0,0,0,0,0,0,0,0,0,0,19,253,253,230,32,0,0,0,0,0,0,132,253,154,0,0,0,0,0,0,0,0,0,0,0,0,0,0,19,253,253,253,233,120,0,74,100,100,200,248,217,33,0,0,0,0,0,0,0,0,0,0,0,0,0,0,2,159,253,253,253,249,230,247,253,253,253,253,109,0,0,0,0,0,0,0,0,0,0,0,0,0,0,0,0,95,253,253,253,253,253,253,253,253,253,118,3,0,0,0,0,0,0,0,0,0,0,0,0,0,0,0,0,2,41,253,253,253,253,253,253,253,119,2,0,0,0,0,0,0,0,0,0,0,0,0,0,0,0,0,0,0,16,51,88,214,165,99,5,5,1,0,0,0,0,0,0,0,0,0,0,0,0,0,0,0,0,0,0,0,0,0,0,0,0,0,0,0,0,0,0,0,0,0,0,0,0,0,0,0,0,0,0,0,0,0,0,0,0,0,0,0,0,0,0,0,0,0,0,0,0,0,0,0,0,0,0,0,0,0,0,0,0,0,0,0,0,0,0,0,0,0,0,0,0,0,0,0,0,0,0,0,0,0,0
file30,1,0,0,0,0,0,0,0,0,0,0,0,0,0,0,0,0,0,0,0,0,0,0,0,0,0,0,0,0,0,0,0,0,0,0,0,0,0,0,0,0,0,0,0,0,0,0,0,0,0,0,0,0,0,0,0,0,0,0,0,0,0,0,0,0,0,0,0,0,0,0,0,0,0,0,0,0,0,0,0,0,0,0,0,0,0,0,0,0,0,0,0,0,0,0,0,0,0,0,0,0,0,0,0,0,0,0,0,0,0,0,0,0,0,0,0,0,0,0,0,0,0,0,0,218,253,11,0,0,0,0,0,0,0,0,0,0,0,0,0,0,0,0,0,0,0,0,0,0,0,0,0,217,252,92,0,0,0,0,0,0,0,0,0,0,0,0,0,0,0,0,0,0,0,0,0,0,0,0,0,200,252,252,0,0,0,0,0,0,0,0,0,0,0,0,0,0,0,0,0,0,0,0,0,0,0,0,0,79,204,250,24,0,0,0,0,0,0,0,0,0,0,0,0,0,0,0,0,0,0,0,0,0,0,0,0,0,79,249,149,0,0,0,0,0,0,0,0,0,0,0,0,0,0,0,0,0,0,0,0,0,0,0,0,0,109,252,241,0,0,0,0,0,0,0,0,0,0,0,0,0,0,0,0,0,0,0,0,0,0,0,0,0,207,252,241,0,0,0,0,0,0,0,0,0,0,0,0,0,0,0,0,0,0,0,0,0,0,0,0,0,126,252,241,0,0,0,0,0,0,0,0,0,0,0,0,0,0,0,0,0,0,0,0,0,0,0,0,0,160,252,241,0,0,0,0,0,0,0,0,0,0,0,0,0,0,0,0,0,0,0,0,0,0,0,0,0,229,252,253,103,0,0,0,0,0,0,0,0,0,0,0,0,0,0,0,0,0,0,0,0,0,0,0,0,53,184,255,171,0,0,0,0,0,0,0,0,0,0,0,0,0,0,0,0,0,0,0,0,0,0,0,0,0,121,253,228,0,0,0,0,0,0,0,0,0,0,0,0,0,0,0,0,0,0,0,0,0,0,0,0,0,121,253,228,0,0,0,0,0,0,0,0,0,0,0,0,0,0,0,0,0,0,0,0,0,0,0,0,0,121,253,228,0,0,0,0,0,0,0,0,0,0,0,0,0,0,0,0,0,0,0,0,0,0,0,0,0,121,253,228,0,0,0,0,0,0,0,0,0,0,0,0,0,0,0,0,0,0,0,0,0,0,0,0,0,213,253,235,28,0,0,0,0,0,0,0,0,0,0,0,0,0,0,0,0,0,0,0,0,0,0,0,0,201,253,252,96,0,0,0,0,0,0,0,0,0,0,0,0,0,0,0,0,0,0,0,0,0,0,0,0,121,253,252,96,0,0,0,0,0,0,0,0,0,0,0,0,0,0,0,0,0,0,0,0,0,0,0,0,121,253,252,96,0,0,0,0,0,0,0,0,0,0,0,0,0,0,0,0,0,0,0,0,0,0,0,0,64,195,241,50,0,0,0,0,0,0,0,0,0,0,0,0,0,0,0,0,0,0,0,0,0,0,0,0,0,0,0,0,0,0,0,0,0,0,0,0,0,0,0,0,0,0,0,0,0,0,0,0,0,0,0,0,0,0,0,0,0,0,0,0,0,0,0,0,0,0,0,0,0,0,0,0,0,0,0,0,0,0,0,0,0,0,0,0,0,0,0,0,0,0,0,0,0,0,0,0,0,0,0,0,0,0,0,0,0,0,0,0,0,0,0,0,0,0,0,0,0,0,0,0,0,0,0